,-1,1,-1,5,2,310140,567921,-3.406213,54.997724,98,3,2,5,"20/09/2015",1,1899-12-30 11:50:00,917,"S12000006",4,724,6,60,6,4,6,97,0,0,1,1,1,0,0,2,1,NA,3,2,1,9,2,3,0,0,1,0,0,19,1,3
"2015983134415",2,9,0,9,0,8,1,0,7,11,3,1,6,2,69,10,1598,1,7,-1,2,-1,5,2,310140,567921,-3.406213,54.997724,98,3,2,5,"20/09/2015",1,1899-12-30 11:50:00,917,"S12000006",4,724,6,60,6,4,6,97,0,0,1,1,1,0,0,2,1,NA,4,1,2,69,10,3,0,0,0,0,0,9,2,8
"2015983134415",2,9,0,9,0,8,1,0,7,11,3,1,6,2,69,10,1598,1,7,-1,2,-1,5,2,310140,567921,-3.406213,54.997724,98,3,2,5,"20/09/2015",1,1899-12-30 11:50:00,917,"S12000006",4,724,6,60,6,4,6,97,0,0,1,1,1,0,0,2,1,NA,5,2,2,34,6,3,0,0,1,0,0,9,1,8
"2015983134515",1,9,0,18,0,6,0,0,0,0,1,1,2,1,35,6,-1,3,1,-1,3,-1,3,2,286350,584710,-3.784617,55.143652,98,3,2,3,"22/09/2015",3,1899-12-30 16:00:00,917,"S12000006",4,729,6,60,6,3,5,37,0,0,1,1,1,0,0,2,1,NA,1,1,1,35,6,3,0,0,0,0,0,9,3,-1
"2015983134515",2,9,0,18,0,8,1,0,1,11,1,1,6,2,54,8,1997,2,10,-1,3,-1,3,2,286350,584710,-3.784617,55.143652,98,3,2,3,"22/09/2015",3,1899-12-30 16:00:00,917,"S12000006",4,729,6,60,6,3,5,37,0,0,1,1,1,0,0,2,1,NA,2,1,2,54,8,3,0,0,0,0,0,9,3,-1
"2015983134515",2,9,0,18,0,8,1,0,1,11,1,1,6,2,54,8,1997,2,10,-1,3,-1,3,2,286350,584710,-3.784617,55.143652,98,3,2,3,"22/09/2015",3,1899-12-30 16:00:00,917,"S12000006",4,729,6,60,6,3,5,37,0,0,1,1,1,0,0,2,1,NA,3,2,2,33,6,3,0,0,1,0,0,9,3,-1
"2015983134815",1,9,0,7,0,5,0,0,0,11,1,1,6,2,21,5,1149,1,7,-1,1,-1,1,1,298268,573473,-3.593697,55.04531,98,3,1,1,"21/09/2015",2,1899-12-30 20:30:00,917,"S12000006",4,725,6,60,8,3,6,0,0,0,6,1,1,0,0,2,1,NA,1,1,2,21,5,3,0,0,0,0,0,9,1,-1
"2015983135615",1,1,0,18,0,0,5,10,1,0,1,1,6,1,59,9,-1,-1,-1,-1,2,-1,1,1,295562,574932,-3.636563,55.057853,98,2,1,1,"29/09/2015",3,1899-12-30 15:20:00,917,"S12000006",3,711,6,30,0,-1,-1,0,0,0,1,1,1,0,0,1,1,NA,1,1,1,59,9,2,0,0,0,0,0,1,2,-1
"2015983135815",1,9,0,16,0,1,1,0,0,10,1,1,6,2,33,6,1910,2,8,-1,1,-1,1,1,290712,579727,-3.714297,55.099878,98,3,1,1,"13/08/2015",5,1899-12-30 03:45:00,917,"S12000006",5,112,6,60,8,4,6,0,0,0,6,1,1,0,0,2,2,NA,1,2,1,23,5,3,0,0,1,0,0,9,2,-1
"2015983136515",1,9,0,18,0,0,0,11,0,0,4,1,6,2,25,5,1242,1,4,-1,1,-1,1,1,296710,576166,-3.619046,55.069178,98,3,1,1,"42164",1,1899-12-30 17:00:00,917,"S12000006",3,76,3,30,0,-1,-1,0,0,0,1,1,1,0,6,1,2,NA,1,3,2,19,4,3,5,2,0,0,0,0,1,-1
"2015983136615",1,21,1,18,0,1,1,0,0,0,1,1,1,1,51,8,12777,2,2,-1,1,-1,3,3,301080,576009,-3.550587,55.068658,98,3,3,3,"42165",3,1899-12-30 14:46:00,917,"S12000006",3,75,6,60,8,4,6,0,0,0,1,1,1,0,0,1,1,NA,NA,NA,NA,NA,NA,NA,NA,NA,NA,NA,NA,NA,NA,NA
"2015983136615",2,9,0,3,0,1,0,0,0,0,2,1,1,1,43,7,1686,2,-1,-1,1,-1,3,3,301080,576009,-3.550587,55.068658,98,3,3,3,"42165",3,1899-12-30 14:46:00,917,"S12000006",3,75,6,60,8,4,6,0,0,0,1,1,1,0,0,1,1,NA,1,1,1,43,7,3,0,0,0,0,0,9,1,9
"2015983136615",2,9,0,3,0,1,0,0,0,0,2,1,1,1,43,7,1686,2,-1,-1,1,-1,3,3,301080,576009,-3.550587,55.068658,98,3,3,3,"42165",3,1899-12-30 14:46:00,917,"S12000006",3,75,6,60,8,4,6,0,0,0,1,1,1,0,0,1,1,NA,2,2,1,51,8,3,0,0,1,0,0,9,1,10
"2015983136615",2,9,0,3,0,1,0,0,0,0,2,1,1,1,43,7,1686,2,-1,-1,1,-1,3,3,301080,576009,-3.550587,55.068658,98,3,3,3,"42165",3,1899-12-30 14:46:00,917,"S12000006",3,75,6,60,8,4,6,0,0,0,1,1,1,0,0,1,1,NA,3,2,2,29,6,3,0,0,2,0,0,9,1,7
"2015983136615",3,9,0,7,0,5,0,0,1,0,2,1,6,1,83,11,989,1,13,-1,3,-1,3,3,301080,576009,-3.550587,55.068658,98,3,3,3,"42165",3,1899-12-30 14:46:00,917,"S12000006",3,75,6,60,8,4,6,0,0,0,1,1,1,0,0,1,1,NA,NA,NA,NA,NA,NA,NA,NA,NA,NA,NA,NA,NA,NA,NA
"2015983137415",1,9,0,13,0,0,2,0,0,2,0,1,6,1,36,7,1794,1,12,-1,2,-1,1,3,294863,575694,-3.647783,55.06455,98,3,3,1,"21/10/2015",4,1899-12-30 09:15:00,917,"S12000006",3,75,6,60,0,-1,-1,0,0,0,1,1,2,0,0,2,1,NA,1,1,1,36,7,3,0,0,0,0,0,9,2,-1
"2015983137415",2,9,0,18,0,0,0,0,0,0,0,1,6,1,52,8,2400,2,1,-1,3,-1,1,3,294863,575694,-3.647783,55.06455,98,3,3,1,"21/10/2015",4,1899-12-30 09:15:00,917,"S12000006",3,75,6,60,0,-1,-1,0,0,0,1,1,2,0,0,2,1,NA,NA,NA,NA,NA,NA,NA,NA,NA,NA,NA,NA,NA,NA,NA
"2015983137415",3,21,1,18,0,0,0,0,0,0,0,1,1,3,-1,-1,-1,-1,-1,-1,-1,-1,1,3,294863,575694,-3.647783,55.06455,98,3,3,1,"21/10/2015",4,1899-12-30 09:15:00,917,"S12000006",3,75,6,60,0,-1,-1,0,0,0,1,1,2,0,0,2,1,NA,NA,NA,NA,NA,NA,NA,NA,NA,NA,NA,NA,NA,NA,NA
"2015983137615",1,9,0,18,0,0,1,0,0,0,1,1,6,1,26,6,1598,2,-1,-1,3,-1,1,2,296573,557731,-3.614528,54.903555,98,3,2,1,"22/10/2015",5,1899-12-30 19:45:00,917,"S12000006",3,710,6,60,0,-1,-1,0,0,0,4,1,1,0,7,2,1,NA,NA,NA,NA,NA,NA,NA,NA,NA,NA,NA,NA,NA,NA,NA
"2015983137615",2,9,0,1,0,0,0,0,0,0,3,1,6,2,58,9,1596,1,7,-1,3,-1,1,2,296573,557731,-3.614528,54.903555,98,3,2,1,"22/10/2015",5,1899-12-30 19:45:00,917,"S12000006",3,710,6,60,0,-1,-1,0,0,0,4,1,1,0,7,2,1,NA,1,1,2,58,9,3,0,0,0,0,0,9,3,-1
"2015983137715",1,9,0,16,0,0,1,0,0,0,1,1,6,2,31,6,1242,1,12,-1,1,-1,3,2,291820,579557,-3.696876,55.098594,98,3,2,3,"22/10/2015",5,1899-12-30 13:30:00,917,"S12000006",5,112,6,60,0,-1,-1,0,0,0,1,1,2,0,0,2,1,NA,1,1,2,31,6,3,0,0,0,0,0,9,1,-1
"2015983137715",2,9,0,18,0,0,0,0,0,0,1,1,6,2,41,7,1588,1,13,-1,3,-1,3,2,291820,579557,-3.696876,55.098594,98,3,2,3,"22/10/2015",5,1899-12-30 13:30:00,917,"S12000006",5,112,6,60,0,-1,-1,0,0,0,1,1,2,0,0,2,1,NA,2,2,1,12,3,3,0,0,2,0,0,9,3,-1
"2015983137715",2,9,0,18,0,0,0,0,0,0,1,1,6,2,41,7,1588,1,13,-1,3,-1,3,2,291820,579557,-3.696876,55.098594,98,3,2,3,"22/10/2015",5,1899-12-30 13:30:00,917,"S12000006",5,112,6,60,0,-1,-1,0,0,0,1,1,2,0,0,2,1,NA,3,2,1,9,2,3,0,0,2,0,0,9,3,-1
"2015983138815",1,9,0,9,0,2,0,0,0,11,1,1,6,1,46,8,1000,1,2,-1,3,-1,2,2,278061,609942,-3.925517,55.368281,98,2,2,2,"42105",4,1899-12-30 18:15:00,917,"S12000006",5,130,6,30,3,4,3,76,0,0,4,1,2,0,0,2,1,NA,1,1,1,46,8,2,0,0,0,0,0,9,3,-1
"2015983138815",2,11,0,10,0,1,0,0,0,0,1,1,1,1,39,7,6700,2,3,-1,1,-1,2,2,278061,609942,-3.925517,55.368281,98,2,2,2,"42105",4,1899-12-30 18:15:00,917,"S12000006",5,130,6,30,3,4,3,76,0,0,4,1,2,0,0,2,1,NA,2,1,1,39,7,3,0,0,0,0,0,11,1,-1
"2015983140015",1,8,0,1,9,0,0,0,0,0,2,1,1,1,69,10,1598,2,1,-1,1,-1,1,1,296950,576888,-3.615551,55.075713,98,3,1,1,"42105",4,1899-12-30 15:30:00,917,"S12000006",6,748,6,30,0,-1,-1,0,0,0,1,1,1,0,0,1,1,NA,1,3,2,39,7,3,6,9,0,0,0,0,1,-1
"2015983140515",1,9,0,18,0,0,1,0,7,11,3,1,6,1,22,5,1560,2,4,-1,3,-1,2,1,292035,580479,-3.693859,55.106922,98,3,1,2,"22/11/2015",1,1899-12-30 13:00:00,917,"S12000006",5,111,6,60,0,-1,-1,0,0,0,1,1,2,7,0,2,1,NA,1,1,1,22,5,3,0,0,0,0,0,9,3,-1
"2015983140515",1,9,0,18,0,0,1,0,7,11,3,1,6,1,22,5,1560,2,4,-1,3,-1,2,1,292035,580479,-3.693859,55.106922,98,3,1,2,"22/11/2015",1,1899-12-30 13:00:00,917,"S12000006",5,111,6,60,0,-1,-1,0,0,0,1,1,2,7,0,2,1,NA,2,2,1,20,4,3,0,0,1,0,0,9,1,-1
"2015983141015",1,9,0,18,0,0,1,0,2,11,1,1,6,2,45,7,1582,2,4,-1,3,-1,2,1,287259,597279,-3.77538,55.256749,98,3,1,2,"29/11/2015",1,1899-12-30 17:45:00,917,"S12000006",3,76,6,60,0,-1,-1,0,0,0,6,3,3,0,0,2,1,NA,1,1,2,45,7,3,0,0,0,0,0,9,3,-1
"2015983141015",1,9,0,18,0,0,1,0,2,11,1,1,6,2,45,7,1582,2,4,-1,3,-1,2,1,287259,597279,-3.77538,55.256749,98,3,1,2,"29/11/2015",1,1899-12-30 17:45:00,917,"S12000006",3,76,6,60,0,-1,-1,0,0,0,6,3,3,0,0,2,1,NA,2,2,2,16,4,3,0,0,1,0,0,9,3,-1
"2015983141115",1,9,0,9,0,1,0,0,0,0,1,1,6,1,50,8,1242,1,3,-1,3,-1,1,2,298186,577834,-3.596539,55.084466,98,3,2,1,"26/11/2015",5,1899-12-30 17:37:00,917,"S12000006",3,701,6,30,3,4,6,0,0,0,4,2,2,0,0,2,1,NA,1,2,2,54,8,3,0,0,1,0,0,9,3,-1
"2015983141115",2,11,0,18,0,2,0,0,0,0,1,1,1,1,23,5,4250,2,10,-1,3,-1,1,2,298186,577834,-3.596539,55.084466,98,3,2,1,"26/11/2015",5,1899-12-30 17:37:00,917,"S12000006",3,701,6,30,3,4,6,0,0,0,4,2,2,0,0,2,1,NA,NA,NA,NA,NA,NA,NA,NA,NA,NA,NA,NA,NA,NA,NA
"2015983141215",1,9,0,18,0,0,0,0,0,0,3,1,6,2,46,8,1390,1,11,-1,1,-1,1,1,298059,576857,-3.598178,55.075664,98,3,1,1,"42016",3,1899-12-30 15:47:00,917,"S12000006",6,829,6,30,0,-1,-1,0,0,0,1,1,2,0,0,1,1,NA,1,3,1,11,3,3,5,4,0,0,0,0,2,-1
"2015983141415",1,19,0,18,0,1,1,0,0,0,1,1,6,1,34,6,2496,2,15,-1,2,-1,2,4,299663,576074,-3.57279,55.068958,98,3,4,2,"42047",4,1899-12-30 14:55:00,917,"S12000006",3,780,6,30,9,4,6,0,0,0,1,1,1,0,0,1,1,NA,1,2,2,41,7,3,0,0,1,0,0,19,2,-1
"2015983141415",2,9,0,3,0,1,0,0,0,0,2,1,6,2,35,6,2198,2,9,-1,1,-1,2,4,299663,576074,-3.57279,55.068958,98,3,4,2,"42047",4,1899-12-30 14:55:00,917,"S12000006",3,780,6,30,9,4,6,0,0,0,1,1,1,0,0,1,1,NA,2,1,2,35,6,3,0,0,0,0,0,9,1,-1
"2015983141415",3,9,0,3,0,1,0,0,0,0,2,1,6,1,70,10,1997,2,2,-1,2,-1,2,4,299663,576074,-3.57279,55.068958,98,3,4,2,"42047",4,1899-12-30 14:55:00,917,"S12000006",3,780,6,30,9,4,6,0,0,0,1,1,1,0,0,1,1,NA,NA,NA,NA,NA,NA,NA,NA,NA,NA,NA,NA,NA,NA,NA
"2015983141415",4,9,0,10,0,1,0,0,0,0,0,1,6,3,-1,-1,-1,-1,-1,-1,-1,-1,2,4,299663,576074,-3.57279,55.068958,98,3,4,2,"42047",4,1899-12-30 14:55:00,917,"S12000006",3,780,6,30,9,4,6,0,0,0,1,1,1,0,0,1,1,NA,NA,NA,NA,NA,NA,NA,NA,NA,NA,NA,NA,NA,NA,NA
"2015983141715",1,9,0,18,0,0,1,0,1,11,1,1,2,2,36,7,1900,2,10,-1,2,-1,1,1,306723,572205,-3.461007,55.035579,98,3,1,1,"42075",5,1899-12-30 17:30:00,917,"S12000006",4,724,6,60,0,-1,-1,0,0,0,6,5,5,0,0,2,1,NA,1,1,2,36,7,3,0,0,0,0,0,9,2,-1
"2015983142615",1,9,0,18,0,0,0,0,0,0,0,1,6,3,-1,-1,-1,-1,-1,-1,-1,-1,1,2,282178,590348,-3.852382,55.193313,98,3,2,1,"42259",4,1899-12-30 16:40:00,917,"S12000006",3,702,6,60,0,-1,-1,0,0,0,6,5,2,0,0,2,1,NA,NA,NA,NA,NA,NA,NA,NA,NA,NA,NA,NA,NA,NA,NA
"2015983142615",2,9,0,18,0,0,2,0,1,11,1,1,6,1,23,5,1598,1,1,-1,3,-1,1,2,282178,590348,-3.852382,55.193313,98,3,2,1,"42259",4,1899-12-30 16:40:00,917,"S12000006",3,702,6,60,0,-1,-1,0,0,0,6,5,2,0,0,2,1,NA,1,1,1,23,5,3,0,0,0,0,0,9,3,-1
"2015983143615",1,9,0,5,0,6,0,0,0,0,3,1,1,2,48,8,1560,2,6,-1,3,-1,1,2,296035,577393,-3.63006,55.080058,98,3,2,1,"42197",2,1899-12-30 17:15:00,917,"S12000006",6,403,6,30,3,4,6,876,0,0,4,1,2,0,0,1,1,NA,NA,NA,NA,NA,NA,NA,NA,NA,NA,NA,NA,NA,NA,NA
"2015983143615",2,1,0,18,0,8,0,0,0,0,1,1,1,1,36,7,-1,-1,-1,-1,1,-1,1,2,296035,577393,-3.63006,55.080058,98,3,2,1,"42197",2,1899-12-30 17:15:00,917,"S12000006",6,403,6,30,3,4,6,876,0,0,4,1,2,0,0,1,1,NA,1,1,1,36,7,3,0,0,0,0,0,1,1,-1
"2015983144115",1,9,0,18,0,0,5,0,0,0,4,1,6,1,60,9,1197,1,3,-1,2,-1,1,1,307312,574377,-3.452501,55.055201,98,3,1,1,"13/12/2015",1,1899-12-30 13:24:00,917,"S12000006",5,30,6,60,0,-1,-1,0,0,0,1,1,4,5,2,2,1,NA,1,1,1,60,9,3,0,0,0,0,0,9,2,-1
"2015983144215",1,9,0,17,0,0,0,10,7,7,3,1,2,2,23,5,1242,1,9,-1,2,-1,1,1,288851,593488,-3.74885,55.223062,98,3,1,1,"15/12/2015",3,1899-12-30 00:10:00,917,"S12000006",3,76,6,60,0,-1,-1,0,0,0,6,1,2,0,0,2,1,NA,1,1,2,23,5,3,0,0,0,0,0,9,2,-1
"2015983144415",1,9,0,5,0,1,0,0,0,0,3,1,6,3,-1,-1,-1,-1,-1,-1,-1,-1,1,2,296894,576183,-3.616172,55.069369,98,3,2,1,"42286",5,1899-12-30 16:00:00,917,"S12000006",3,780,6,30,3,2,3,781,0,4,1,1,1,0,0,1,2,NA,NA,NA,NA,NA,NA,NA,NA,NA,NA,NA,NA,NA,NA,NA
"2015983144415",2,1,0,3,4,2,0,0,0,0,4,1,6,1,56,9,-1,-1,-1,-1,3,-1,1,2,296894,576183,-3.616172,55.069369,98,3,2,1,"42286",5,1899-12-30 16:00:00,917,"S12000006",3,780,6,30,3,2,3,781,0,4,1,1,1,0,0,1,2,NA,1,1,1,56,9,3,0,0,0,0,0,1,3,-1
"2015983144515",1,9,0,13,0,0,0,0,7,11,4,1,2,1,18,4,1124,1,13,-1,1,-1,1,2,287990,567431,-3.752104,54.988829,98,3,2,1,"15/12/2015",3,1899-12-30 17:10:00,917,"S12000006",3,711,6,60,0,-1,-1,0,0,0,6,2,2,0,0,2,1,NA,NA,NA,NA,NA,NA,NA,NA,NA,NA,NA,NA,NA,NA,NA
"2015983144515",2,9,0,18,0,0,0,0,0,0,1,1,2,2,20,4,1587,1,16,-1,2,-1,1,2,287990,567431,-3.752104,54.988829,98,3,2,1,"15/12/2015",3,1899-12-30 17:10:00,917,"S12000006",3,711,6,60,0,-1,-1,0,0,0,6,2,2,0,0,2,1,NA,1,1,2,20,4,3,0,0,0,0,0,9,2,-1
"2015983144615",1,9,0,18,0,0,1,0,0,0,1,1,2,2,62,9,1998,1,20,-1,2,-1,1,3,299386,577068,-3.577477,55.07783,98,3,3,1,"17/12/2015",5,1899-12-30 17:00:00,917,"S12000006",3,709,6,60,0,-1,-1,0,0,0,6,2,2,0,0,2,1,NA,1,1,2,62,9,3,0,0,0,0,0,9,2,-1
"2015983144615",2,9,0,4,0,0,0,0,0,0,2,1,2,1,-1,-1,-1,-1,-1,-1,3,-1,1,3,299386,577068,-3.577477,55.07783,98,3,3,1,"17/12/2015",5,1899-12-30 17:00:00,917,"S12000006",3,709,6,60,0,-1,-1,0,0,0,6,2,2,0,0,2,1,NA,NA,NA,NA,NA,NA,NA,NA,NA,NA,NA,NA,NA,NA,NA
"2015983144615",3,9,0,4,0,0,0,0,0,0,2,1,2,2,36,7,-1,-1,-1,-1,3,-1,1,3,299386,577068,-3.577477,55.07783,98,3,3,1,"17/12/2015",5,1899-12-30 17:00:00,917,"S12000006",3,709,6,60,0,-1,-1,0,0,0,6,2,2,0,0,2,1,NA,NA,NA,NA,NA,NA,NA,NA,NA,NA,NA,NA,NA,NA,NA
"2015983144815",1,19,0,5,0,1,0,0,0,0,1,2,6,2,56,9,-1,-1,-1,-1,-1,-1,1,2,310293,571758,-3.405027,55.032221,98,3,2,1,"42320",6,1899-12-30 18:55:00,917,"S12000006",3,75,6,60,9,3,4,725,0,0,4,4,1,0,0,2,1,NA,NA,NA,NA,NA,NA,NA,NA,NA,NA,NA,NA,NA,NA,NA
"2015983144815",2,9,0,18,0,8,0,0,0,0,3,1,6,2,51,8,998,1,4,-1,3,-1,1,2,310293,571758,-3.405027,55.032221,98,3,2,1,"42320",6,1899-12-30 18:55:00,917,"S12000006",3,75,6,60,9,3,4,725,0,0,4,4,1,0,0,2,1,NA,1,1,2,51,8,3,0,0,0,0,0,9,3,5
"2015983146615",1,9,0,17,0,0,1,0,1,3,2,1,6,1,19,4,1399,2,9,-1,3,-1,2,1,279447,572988,-3.887887,55.036742,98,3,1,2,"26/12/2015",7,1899-12-30 18:11:00,917,"S12000006",3,712,6,60,0,-1,-1,0,0,0,6,2,2,0,0,2,1,NA,1,2,2,17,4,3,0,0,1,0,0,9,2,-1
"2015983146615",1,9,0,17,0,0,1,0,1,3,2,1,6,1,19,4,1399,2,9,-1,3,-1,2,1,279447,572988,-3.887887,55.036742,98,3,1,2,"26/12/2015",7,1899-12-30 18:11:00,917,"S12000006",3,712,6,60,0,-1,-1,0,0,0,6,2,2,0,0,2,1,NA,2,1,1,19,4,3,0,0,0,0,0,9,3,-1
"2015984100715",1,9,0,17,0,0,0,0,0,0,1,1,6,1,18,4,-1,-1,-1,-1,3,-1,4,3,317599,566417,-3.289216,54.985504,98,2,3,4,"42036",6,1899-12-30 16:20:00,917,"S12000006",4,724,6,60,0,-1,-1,0,0,0,1,1,2,0,0,2,1,NA,1,1,1,18,4,2,0,0,0,0,0,9,3,-1
"2015984100715",1,9,0,17,0,0,0,0,0,0,1,1,6,1,18,4,-1,-1,-1,-1,3,-1,4,3,317599,566417,-3.289216,54.985504,98,2,3,4,"42036",6,1899-12-30 16:20:00,917,"S12000006",4,724,6,60,0,-1,-1,0,0,0,1,1,2,0,0,2,1,NA,2,2,1,17,4,2,0,0,1,0,0,9,2,-1
"2015984100715",2,9,0,18,0,0,0,0,0,0,1,1,6,2,19,4,1198,1,8,-1,3,-1,4,3,317599,566417,-3.289216,54.985504,98,2,3,4,"42036",6,1899-12-30 16:20:00,917,"S12000006",4,724,6,60,0,-1,-1,0,0,0,1,1,2,0,0,2,1,NA,3,1,2,19,4,2,0,0,0,0,0,9,3,-1
"2015984100715",2,9,0,18,0,0,0,0,0,0,1,1,6,2,19,4,1198,1,8,-1,3,-1,4,3,317599,566417,-3.289216,54.985504,98,2,3,4,"42036",6,1899-12-30 16:20:00,917,"S12000006",4,724,6,60,0,-1,-1,0,0,0,1,1,2,0,0,2,1,NA,4,2,1,24,5,2,0,0,1,0,0,9,1,3
"2015984100715",3,9,0,18,0,0,0,0,0,0,0,1,6,1,19,4,1197,1,4,-1,2,-1,4,3,317599,566417,-3.289216,54.985504,98,2,3,4,"42036",6,1899-12-30 16:20:00,917,"S12000006",4,724,6,60,0,-1,-1,0,0,0,1,1,2,0,0,2,1,NA,NA,NA,NA,NA,NA,NA,NA,NA,NA,NA,NA,NA,NA,NA
"2015984102515",1,9,0,18,0,0,1,0,2,7,4,1,6,2,25,5,2143,2,1,-1,1,-1,2,5,306821,604405,-3.470087,55.324849,98,3,5,2,"14/01/2015",4,1899-12-30 18:17:00,917,"S12000006",2,74,3,70,0,-1,-1,0,0,0,6,2,2,0,0,2,1,NA,1,1,2,25,5,3,0,0,0,0,0,9,1,-1
"2015984102515",2,9,0,18,0,0,0,0,0,0,1,1,1,1,63,9,-1,-1,-1,-1,1,-1,2,5,306821,604405,-3.470087,55.324849,98,3,5,2,"14/01/2015",4,1899-12-30 18:17:00,917,"S12000006",2,74,3,70,0,-1,-1,0,0,0,6,2,2,0,0,2,1,NA,NA,NA,NA,NA,NA,NA,NA,NA,NA,NA,NA,NA,NA,NA
"2015984102515",3,9,0,18,0,0,0,0,0,0,2,1,6,1,51,8,1968,2,4,-1,1,-1,2,5,306821,604405,-3.470087,55.324849,98,3,5,2,"14/01/2015",4,1899-12-30 18:17:00,917,"S12000006",2,74,3,70,0,-1,-1,0,0,0,6,2,2,0,0,2,1,NA,NA,NA,NA,NA,NA,NA,NA,NA,NA,NA,NA,NA,NA,NA
"2015984102515",4,9,0,18,0,0,0,0,0,0,1,1,6,1,57,9,-1,-1,-1,-1,1,-1,2,5,306821,604405,-3.470087,55.324849,98,3,5,2,"14/01/2015",4,1899-12-30 18:17:00,917,"S12000006",2,74,3,70,0,-1,-1,0,0,0,6,2,2,0,0,2,1,NA,2,2,2,66,10,3,0,0,1,0,0,9,-1,-1
"2015984102515",5,21,1,18,0,0,0,0,0,0,3,1,1,1,29,6,15607,2,3,-1,1,-1,2,5,306821,604405,-3.470087,55.324849,98,3,5,2,"14/01/2015",4,1899-12-30 18:17:00,917,"S12000006",2,74,3,70,0,-1,-1,0,0,0,6,2,2,0,0,2,1,NA,NA,NA,NA,NA,NA,NA,NA,NA,NA,NA,NA,NA,NA,NA
"2015984102615",1,9,0,17,0,0,2,0,2,3,1,1,6,1,17,4,-1,-1,-1,-1,3,-1,2,1,336169,577656,-3.001595,55.089213,98,3,1,2,"42064",7,1899-12-30 20:50:00,917,"S12000006",5,70,6,60,0,-1,-1,0,0,0,6,8,4,0,0,2,1,NA,1,1,1,17,4,3,0,0,0,0,0,9,3,-1
"2015984102615",1,9,0,17,0,0,2,0,2,3,1,1,6,1,17,4,-1,-1,-1,-1,3,-1,2,1,336169,577656,-3.001595,55.089213,98,3,1,2,"42064",7,1899-12-30 20:50:00,917,"S12000006",5,70,6,60,0,-1,-1,0,0,0,6,8,4,0,0,2,1,NA,2,2,1,16,4,3,0,0,1,0,0,9,3,-1
"2015984103115",1,9,0,18,0,0,0,10,0,0,1,1,1,2,53,8,996,1,1,-1,2,-1,1,1,319209,566562,-3.264104,54.987071,98,3,1,1,"23/01/2015",6,1899-12-30 14:15:00,917,"S12000006",4,721,6,30,0,-1,-1,0,0,8,1,1,1,0,0,2,1,NA,1,3,1,40,7,3,8,2,0,0,0,0,3,-1
"2015984103215",1,21,1,18,0,0,0,0,0,0,2,1,1,1,26,6,12809,2,2,-1,1,-1,1,2,310331,590171,-3.41025,55.197637,98,3,2,1,"26/01/2015",2,1899-12-30 14:30:00,917,"S12000006",2,74,3,70,0,-1,-1,0,0,0,1,1,2,0,0,2,1,NA,NA,NA,NA,NA,NA,NA,NA,NA,NA,NA,NA,NA,NA,NA
"2015984103215",2,19,0,18,0,0,0,0,4,7,1,1,1,1,62,9,2299,2,1,-1,1,-1,1,2,310331,590171,-3.41025,55.197637,98,3,2,1,"26/01/2015",2,1899-12-30 14:30:00,917,"S12000006",2,74,3,70,0,-1,-1,0,0,0,1,1,2,0,0,2,1,NA,1,1,1,62,9,3,0,0,0,0,0,19,1,2
"2015984104015",1,9,0,18,0,0,0,12,0,0,1,1,6,1,76,11,1560,2,3,-1,3,-1,1,1,309934,597610,-3.418862,55.26439,98,3,1,1,"27/01/2015",3,1899-12-30 07:00:00,917,"S12000006",4,7076,6,60,0,-1,-1,0,0,0,6,5,2,0,7,2,1,NA,1,1,1,76,11,3,0,0,0,0,0,9,3,-1
"2015984104715",1,9,0,17,0,0,1,0,1,4,2,1,6,1,20,4,1388,1,10,-1,3,-1,1,1,307673,606082,-3.457217,55.340074,98,3,1,1,"42157",6,1899-12-30 22:15:00,917,"S12000006",3,701,6,60,0,-1,-1,0,0,0,6,1,2,0,0,2,1,NA,1,2,2,18,4,3,0,0,1,0,0,9,3,-1
"2015984104815",1,19,0,9,0,8,0,0,0,0,3,1,1,2,24,5,1753,2,2,-1,3,-1,2,2,328280,570141,-3.123277,55.020617,98,3,2,2,"42249",2,1899-12-30 14:30:00,917,"S12000006",4,7076,6,60,5,3,2,74,0,0,1,1,2,0,0,2,1,NA,1,1,2,24,5,3,0,0,0,0,0,19,3,9
"2015984104815",2,9,0,18,0,1,0,0,0,0,1,1,6,2,44,7,2496,2,14,-1,3,-1,2,2,328280,570141,-3.123277,55.020617,98,3,2,2,"42249",2,1899-12-30 14:30:00,917,"S12000006",4,7076,6,60,5,3,2,74,0,0,1,1,2,0,0,2,1,NA,2,1,2,44,7,3,0,0,0,0,0,9,3,-1
"2015984105015",1,21,1,18,0,0,2,0,2,0,3,2,1,1,68,10,-1,-1,-1,-1,1,-1,1,2,326628,571092,-3.149354,55.02892,98,2,2,1,"42340",5,1899-12-30 04:10:00,917,"S12000006",2,74,3,70,0,-1,-1,0,0,0,6,2,2,0,0,2,1,NA,1,1,1,68,10,2,0,0,0,0,0,21,1,3
"2015984105015",2,21,1,13,0,0,1,0,4,6,4,1,1,1,33,6,12809,2,1,-1,1,-1,1,2,326628,571092,-3.149354,55.02892,98,2,2,1,"42340",5,1899-12-30 04:10:00,917,"S12000006",2,74,3,70,0,-1,-1,0,0,0,6,2,2,0,0,2,1,NA,NA,NA,NA,NA,NA,NA,NA,NA,NA,NA,NA,NA,NA,NA
"2015984106115",1,19,0,18,0,0,1,0,1,4,1,1,1,1,24,5,2143,2,1,-1,1,-1,1,2,307849,603116,-3.453468,55.313464,98,3,2,1,"24/02/2015",3,1899-12-30 09:30:00,917,"S12000006",2,74,3,70,0,-1,-1,0,0,0,1,6,3,0,0,2,1,NA,1,2,1,31,6,3,0,0,1,0,0,19,1,-1
"2015984106115",2,19,0,18,0,0,0,0,1,4,3,1,1,1,51,8,1968,2,5,-1,1,-1,1,2,307849,603116,-3.453468,55.313464,98,3,2,1,"24/02/2015",3,1899-12-30 09:30:00,917,"S12000006",2,74,3,70,0,-1,-1,0,0,0,1,6,3,0,0,2,1,NA,NA,NA,NA,NA,NA,NA,NA,NA,NA,NA,NA,NA,NA,NA
"2015984106415",1,9,0,18,0,0,1,0,0,7,1,1,6,2,60,9,2179,2,1,-1,1,-1,1,1,330173,569085,-3.093417,55.011399,98,3,1,1,"21/02/2015",7,1899-12-30 14:00:00,917,"S12000006",2,74,3,70,0,-1,-1,0,0,0,1,3,3,0,0,2,1,NA,1,1,2,60,9,3,0,0,0,0,0,9,1,-1
"2015984106615",1,9,0,18,0,0,1,0,1,1,1,1,1,1,66,10,-1,-1,-1,-1,1,-1,1,1,310193,591913,-3.412971,55.213261,98,2,1,1,"24/02/2015",3,1899-12-30 09:00:00,917,"S12000006",2,74,3,70,0,-1,-1,0,0,0,1,6,3,0,0,2,1,NA,1,1,1,66,10,2,0,0,0,0,0,9,1,5
"2015984107115",1,9,0,18,0,0,1,0,5,6,4,1,6,1,48,8,-1,-1,-1,-1,1,-1,1,1,308276,602431,-3.446518,55.30739,98,3,1,1,"28/02/2015",7,1899-12-30 17:15:00,917,"S12000006",2,74,3,70,0,-1,-1,0,0,0,1,5,2,0,0,2,1,NA,1,1,1,48,8,3,0,0,0,0,0,9,1,-1
"2015984107215",1,9,0,18,0,0,0,0,1,11,1,1,1,1,48,8,-1,-1,-1,-1,1,-1,1,1,307849,603116,-3.453468,55.313464,98,2,1,1,"28/02/2015",7,1899-12-30 20:30:00,917,"S12000006",2,74,3,70,0,-1,-1,0,0,0,6,5,2,0,0,2,1,NA,1,1,1,48,8,2,0,0,0,0,0,9,1,7
"2015984107915",1,9,0,17,0,0,1,0,1,4,2,1,1,2,18,4,-1,-1,-1,-1,3,-1,2,1,330299,572767,-3.092347,55.044498,98,3,1,2,"42097",4,1899-12-30 07:45:00,917,"S12000006",4,6357,6,60,0,-1,-1,0,0,0,1,1,4,0,0,2,1,NA,1,1,2,18,4,3,0,0,0,0,0,9,3,-1
"2015984107915",1,9,0,17,0,0,1,0,1,4,2,1,1,2,18,4,-1,-1,-1,-1,3,-1,2,1,330299,572767,-3.092347,55.044498,98,3,1,2,"42097",4,1899-12-30 07:45:00,917,"S12000006",4,6357,6,60,0,-1,-1,0,0,0,1,1,4,0,0,2,1,NA,2,2,1,24,5,3,0,0,1,0,0,9,1,-1
"2015984108715",1,9,0,16,0,0,1,0,1,11,2,1,2,1,21,5,1229,1,7,-1,1,-1,1,1,306680,582332,-3.465002,55.126543,98,3,1,1,"42007",1,1899-12-30 07:35:00,917,"S12000006",3,709,6,60,0,-1,-1,0,0,0,1,2,2,0,0,2,1,NA,1,1,1,21,5,3,0,0,0,0,0,9,1,-1
"2015984109015",1,9,0,7,0,8,0,0,0,0,4,1,6,2,36,7,-1,-1,-1,-1,-1,-1,1,2,319947,566909,-3.252671,54.990308,98,3,2,1,"18/03/2015",4,1899-12-30 14:00:00,917,"S12000006",6,268,6,30,3,4,6,929,0,0,1,1,1,0,0,2,1,NA,NA,NA,NA,NA,NA,NA,NA,NA,NA,NA,NA,NA,NA,NA
"2015984109015",2,1,0,7,0,8,0,0,0,0,1,1,6,2,33,6,-1,-1,-1,-1,2,-1,1,2,319947,566909,-3.252671,54.990308,98,3,2,1,"18/03/2015",4,1899-12-30 14:00:00,917,"S12000006",6,268,6,30,3,4,6,929,0,0,1,1,1,0,0,2,1,NA,1,1,2,33,6,3,0,0,0,0,0,1,2,-1
"2015984109615",1,3,0,7,0,5,2,0,0,0,4,1,6,2,48,8,124,1,6,-1,3,-1,1,1,317415,566393,-3.292084,54.985258,98,2,1,1,"42341",5,1899-12-30 15:30:00,917,"S12000006",4,724,6,60,3,4,5,35,0,0,1,2,2,6,0,2,1,NA,1,1,2,48,8,2,0,0,0,0,0,3,3,-1
"2015984109715",1,20,0,18,0,0,0,0,7,0,4,1,6,1,70,10,-1,-1,-1,-1,3,-1,2,2,326594,566989,-3.148831,54.992052,98,1,2,2,"21/03/2015",7,1899-12-30 11:04:00,917,"S12000006",3,75,6,60,0,-1,-1,0,0,0,1,1,1,0,0,2,1,NA,1,2,2,67,10,1,0,0,1,0,0,20,3,-1
"2015984109715",1,20,0,18,0,0,0,0,7,0,4,1,6,1,70,10,-1,-1,-1,-1,3,-1,2,2,326594,566989,-3.148831,54.992052,98,1,2,2,"21/03/2015",7,1899-12-30 11:04:00,917,"S12000006",3,75,6,60,0,-1,-1,0,0,0,1,1,1,0,0,2,1,NA,2,2,2,42,7,2,0,0,1,0,0,20,3,-1
"2015984109715",2,19,0,18,0,0,0,0,0,0,1,1,1,1,27,6,1996,2,3,-1,1,-1,2,2,326594,566989,-3.148831,54.992052,98,1,2,2,"21/03/2015",7,1899-12-30 11:04:00,917,"S12000006",3,75,6,60,0,-1,-1,0,0,0,1,1,1,0,0,2,1,NA,NA,NA,NA,NA,NA,NA,NA,NA,NA,NA,NA,NA,NA,NA
"2015984110215",1,9,0,18,0,0,0,0,0,0,3,1,6,1,21,5,1364,1,10,-1,1,-1,1,2,331831,567209,-3.067048,54.994774,98,3,2,1,"25/03/2015",4,1899-12-30 12:25:00,917,"S12000006",5,69,6,30,0,-1,-1,0,0,0,1,1,1,0,0,2,1,NA,1,2,2,18,4,3,0,0,1,0,0,9,3,-1
"2015984110215",2,9,0,5,0,0,0,0,0,0,1,1,6,2,74,10,1299,1,11,-1,3,-1,1,2,331831,567209,-3.067048,54.994774,98,3,2,1,"25/03/2015",4,1899-12-30 12:25:00,917,"S12000006",5,69,6,30,0,-1,-1,0,0,0,1,1,1,0,0,2,1,NA,NA,NA,NA,NA,NA,NA,NA,NA,NA,NA,NA,NA,NA,NA
"2015984111215",1,9,0,18,0,0,0,0,2,11,4,1,6,1,23,5,1995,2,9,-1,2,-1,1,1,326751,566243,-3.146187,54.985373,98,3,1,1,"29/03/2015",1,1899-12-30 14:15:00,917,"S12000006",4,721,6,60,0,-1,-1,0,0,0,1,1,2,0,0,2,1,NA,1,2,1,23,5,3,0,0,1,0,0,9,3,-1
"2015984111615",1,9,0,13,0,0,2,0,4,6,4,1,6,1,42,7,1582,2,2,-1,1,-1,1,2,324358,572722,-3.185289,55.043224,98,3,2,1,"42008",4,1899-12-30 14:15:00,917,"S12000006",2,74,3,70,0,-1,-1,0,0,0,1,2,2,0,0,2,1,NA,1,2,2,39,7,3,0,0,1,0,0,9,1,9
"2015984111615",2,21,1,18,0,0,0,0,0,0,2,1,2,1,47,8,12740,2,4,-1,3,-1,1,2,324358,572722,-3.185289,55.043224,98,3,2,1,"42008",4,1899-12-30 14:15:00,917,"S12000006",2,74,3,70,0,-1,-1,0,0,0,1,2,2,0,0,2,1,NA,NA,NA,NA,NA,NA,NA,NA,NA,NA,NA,NA,NA,NA,NA
"2015984112815",1,9,0,17,0,0,0,0,1,7,1,1,6,1,80,11,-1,-1,-1,-1,3,-1,1,1,343838,580005,-2.881924,55.111248,98,3,1,1,"42342",1,1899-12-30 00:01:00,917,"S12000006",4,6357,6,60,0,-1,-1,0,0,0,1,1,1,0,0,2,1,NA,1,2,2,60,9,3,0,0,1,0,0,9,3,-1
"2015984113015",1,9,0,16,0,0,5,0,7,1,1,1,6,1,28,6,1598,2,1,-1,2,-1,1,1,337397,582332,-2.98339,55.131382,98,1,1,1,"42312",7,1899-12-30 11:00:00,917,"S12000006",3,7,6,60,0,-1,-1,0,0,0,6,1,2,0,0,2,1,NA,1,1,1,28,6,1,0,0,0,0,0,9,2,8
"2015984113715",1,9,0,16,0,0,0,0,0,0,0,1,6,3,-1,-1,-1,-1,-1,-1,-1,-1,1,2,310513,604456,-3.411936,55.325993,98,2,2,1,"19/04/2015",1,1899-12-30 14:55:00,917,"S12000006",3,708,6,60,0,-1,-1,0,0,0,1,1,1,0,0,2,1,NA,NA,NA,NA,NA,NA,NA,NA,NA,NA,NA,NA,NA,NA,NA
"2015984113715",2,5,0,17,0,0,5,0,1,11,1,1,6,1,56,9,998,1,7,-1,1,-1,1,2,310513,604456,-3.411936,55.325993,98,2,2,1,"19/04/2015",1,1899-12-30 14:55:00,917,"S12000006",3,708,6,60,0,-1,-1,0,0,0,1,1,1,0,0,2,1,NA,1,1,1,56,9,2,0,0,0,0,0,5,1,-1
"2015984114115",1,9,0,5,9,0,-1,10,0,0,1,1,3,2,28,6,1242,1,7,-1,2,-1,1,1,313569,581963,-3.35689,55.124479,98,3,1,1,"42008",4,1899-12-30 09:00:00,917,"S12000006",4,723,6,30,0,-1,-1,0,0,0,1,1,1,0,0,2,2,NA,1,3,2,10,2,3,10,3,0,0,0,0,2,-1
"2015984114315",1,19,0,4,0,0,0,0,0,0,2,1,1,2,20,4,1867,2,11,-1,-1,-1,1,2,314074,569342,-3.345164,55.011185,98,3,2,1,"22/04/2015",4,1899-12-30 08:30:00,917,"S12000006",3,75,6,60,0,-1,-1,0,0,0,1,1,1,0,0,2,1,NA,1,1,2,20,4,3,0,0,0,0,0,19,-1,-1
"2015984114315",2,9,0,18,0,0,0,0,0,0,1,1,2,2,36,7,1598,2,4,-1,3,-1,1,2,314074,569342,-3.345164,55.011185,98,3,2,1,"22/04/2015",4,1899-12-30 08:30:00,917,"S12000006",3,75,6,60,0,-1,-1,0,0,0,1,1,1,0,0,2,1,NA,NA,NA,NA,NA,NA,NA,NA,NA,NA,NA,NA,NA,NA,NA
"2015984114715",1,9,0,16,0,0,0,0,0,0,1,1,6,2,58,9,1242,1,-1,-1,3,-1,1,2,306697,582349,-3.464741,55.126699,98,3,2,1,"27/04/2015",2,1899-12-30 14:37:00,917,"S12000006",3,709,6,60,0,-1,-1,0,0,0,1,1,1,0,0,2,1,NA,1,1,2,58,9,3,0,0,0,0,0,9,3,-1
"2015984114715",2,9,0,4,0,0,0,0,0,0,2,1,1,1,33,6,-1,-1,-1,-1,3,-1,1,2,306697,582349,-3.464741,55.126699,98,3,2,1,"27/04/2015",2,1899-12-30 14:37:00,917,"S12000006",3,709,6,60,0,-1,-1,0,0,0,1,1,1,0,0,2,1,NA,NA,NA,NA,NA,NA,NA,NA,NA,NA,NA,NA,NA,NA,NA
"2015984115415",1,9,0,18,0,0,0,0,0,0,1,1,6,1,44,7,1999,1,13,-1,3,-1,1,3,332271,568309,-3.060433,55.004717,98,3,3,1,"42221",6,1899-12-30 00:01:00,917,"S12000006",5,141,6,30,0,-1,-1,0,0,0,1,1,1,4,0,2,1,NA,NA,NA,NA,NA,NA,NA,NA,NA,NA,NA,NA,NA,NA,NA
"2015984115415",2,19,0,3,0,0,0,0,0,0,2,1,1,1,23,5,1248,2,3,-1,3,-1,1,3,332271,568309,-3.060433,55.004717,98,3,3,1,"42221",6,1899-12-30 00:01:00,917,"S12000006",5,141,6,30,0,-1,-1,0,0,0,1,1,1,4,0,2,1,NA,1,1,1,23,5,3,0,0,0,0,0,19,3,-1
"2015984115415",3,9,0,3,0,0,0,0,0,0,2,1,6,1,47,8,1364,1,7,-1,1,-1,1,3,332271,568309,-3.060433,55.004717,98,3,3,1,"42221",6,1899-12-30 00:01:00,917,"S12000006",5,141,6,30,0,-1,-1,0,0,0,1,1,1,4,0,2,1,NA,NA,NA,NA,NA,NA,NA,NA,NA,NA,NA,NA,NA,NA,NA
"2015984115615",1,9,0,18,0,0,5,0,8,11,1,1,6,1,31,6,1560,2,2,-1,3,-1,2,1,321859,567755,-3.223028,54.998213,98,3,1,2,"42282",1,1899-12-30 00:35:00,917,"S12000006",4,6357,6,60,0,-1,-1,0,0,0,6,1,1,0,0,2,1,NA,1,1,1,31,6,3,0,0,0,0,0,9,3,-1
"2015984115615",1,9,0,18,0,0,5,0,8,11,1,1,6,1,31,6,1560,2,2,-1,3,-1,2,1,321859,567755,-3.223028,54.998213,98,3,1,2,"42282",1,1899-12-30 00:35:00,917,"S12000006",4,6357,6,60,0,-1,-1,0,0,0,6,1,1,0,0,2,1,NA,2,2,1,33,6,3,0,0,1,0,0,9,2,-1
"2015984115915",1,9,0,17,0,0,0,0,1,11,4,1,6,1,20,4,1368,1,7,-1,1,-1,1,1,345167,580737,-2.861235,55.117974,98,3,1,1,"16/05/2015",7,1899-12-30 00:30:00,917,"S12000006",4,6357,6,60,0,-1,-1,0,0,0,6,1,2,0,0,2,1,NA,1,1,1,20,4,3,0,0,0,0,0,9,1,3
"2015984116215",1,9,0,16,0,1,5,0,7,11,1,1,2,1,45,7,1896,2,11,-1,3,-1,1,1,326682,569240,-3.148033,55.012289,98,3,1,1,"16/05/2015",7,1899-12-30 23:40:00,917,"S12000006",4,6357,6,60,9,4,6,0,0,0,6,1,1,0,0,2,1,NA,1,1,1,45,7,3,0,0,0,0,0,9,3,-1
"2015984116915",1,9,0,5,0,8,0,0,0,0,1,1,6,2,53,8,1598,1,-1,-1,3,-1,1,1,331821,567103,-3.067179,54.99382,98,3,1,1,"28/05/2015",5,1899-12-30 18:05:00,917,"S12000006",5,69,6,30,6,4,6,178,0,0,1,1,1,0,0,2,2,NA,1,3,1,9,2,3,5,3,0,0,0,0,3,-1
"2015984117315",1,9,0,2,0,0,0,0,0,0,3,1,6,2,45,7,-1,-1,-1,-1,3,-1,1,2,308312,605736,-3.447033,55.337085,98,3,2,1,"42069",4,1899-12-30 09:40:00,917,"S12000006",6,308,6,30,0,-1,-1,0,0,0,1,1,1,0,0,2,1,NA,NA,NA,NA,NA,NA,NA,NA,NA,NA,NA,NA,NA,NA,NA
"2015984117315",2,1,0,15,0,0,5,8,0,0,1,1,6,1,55,8,-1,-1,-1,-1,3,-1,1,2,308312,605736,-3.447033,55.337085,98,3,2,1,"42069",4,1899-12-30 09:40:00,917,"S12000006",6,308,6,30,0,-1,-1,0,0,0,1,1,1,0,0,2,1,NA,1,1,1,55,8,3,0,0,0,0,0,1,3,-1
"2015984117915",1,9,0,18,0,2,5,0,0,0,1,1,6,1,40,7,1998,2,-1,-1,1,-1,3,2,328017,570629,-3.127512,55.024963,98,3,2,3,"42191",1,1899-12-30 04:00:00,917,"S12000006",2,74,3,70,5,4,6,0,0,0,1,1,1,0,0,2,1,NA,1,1,1,40,7,3,0,0,0,0,0,9,1,-1
"2015984117915",2,9,0,18,0,2,0,0,0,0,0,1,6,1,31,6,1686,2,4,-1,1,-1,3,2,328017,570629,-3.127512,55.024963,98,3,2,3,"42191",1,1899-12-30 04:00:00,917,"S12000006",2,74,3,70,5,4,6,0,0,0,1,1,1,0,0,2,1,NA,2,1,1,31,6,3,0,0,0,0,0,9,1,-1
"2015984117915",2,9,0,18,0,2,0,0,0,0,0,1,6,1,31,6,1686,2,4,-1,1,-1,3,2,328017,570629,-3.127512,55.024963,98,3,2,3,"42191",1,1899-12-30 04:00:00,917,"S12000006",2,74,3,70,5,4,6,0,0,0,1,1,1,0,0,2,1,NA,3,2,2,34,6,3,0,0,1,0,0,9,1,-1
"2015984118215",1,9,0,16,0,0,0,0,7,4,1,1,6,1,75,10,-1,-1,-1,-1,3,-1,1,1,306617,592404,-3.469315,55.217008,98,2,1,1,"42191",1,1899-12-30 16:00:00,917,"S12000006",3,701,6,60,0,-1,-1,0,0,0,1,1,1,0,0,2,1,NA,1,1,1,75,10,2,0,0,0,0,0,9,3,-1
"2015984118715",1,9,0,18,0,0,2,0,1,6,3,1,6,2,48,8,998,1,1,-1,1,-1,1,2,303990,610285,-3.516706,55.377121,98,3,2,1,"42010",2,1899-12-30 16:45:00,917,"S12000006",2,74,3,70,0,-1,-1,0,0,0,1,5,2,0,0,2,1,NA,1,1,2,48,8,3,0,0,0,0,0,9,1,9
"2015984118715",2,9,0,18,0,0,0,0,0,0,4,1,6,1,36,7,3189,1,8,-1,1,-1,1,2,303990,610285,-3.516706,55.377121,98,3,2,1,"42010",2,1899-12-30 16:45:00,917,"S12000006",2,74,3,70,0,-1,-1,0,0,0,1,5,2,0,0,2,1,NA,NA,NA,NA,NA,NA,NA,NA,NA,NA,NA,NA,NA,NA,NA
"2015984118815",1,9,0,18,0,2,0,0,0,0,4,1,6,2,22,5,1229,1,2,-1,3,-1,1,1,331819,567108,-3.067212,54.993865,98,3,1,1,"22/05/2015",6,1899-12-30 19:00:00,917,"S12000006",5,69,6,30,6,4,6,178,0,0,1,1,1,0,0,2,2,NA,1,3,1,10,2,3,5,1,0,0,0,0,3,-1
"2015984118915",1,9,0,18,0,0,0,0,0,0,1,1,6,1,19,4,1360,1,8,-1,1,-1,1,3,304260,608015,-3.511669,55.356783,98,3,3,1,"28/05/2015",5,1899-12-30 07:10:00,917,"S12000006",2,74,3,70,0,-1,-1,0,0,0,1,1,1,0,0,2,1,NA,1,1,1,19,4,3,0,0,0,0,0,9,1,10
"2015984118915",2,21,1,18,0,0,0,0,0,0,2,1,1,1,46,8,12740,2,4,-1,1,-1,1,3,304260,608015,-3.511669,55.356783,98,3,3,1,"28/05/2015",5,1899-12-30 07:10:00,917,"S12000006",2,74,3,70,0,-1,-1,0,0,0,1,1,1,0,0,2,1,NA,NA,NA,NA,NA,NA,NA,NA,NA,NA,NA,NA,NA,NA,NA
"2015984118915",3,21,1,18,0,0,0,0,0,0,3,1,1,1,50,8,11705,2,8,-1,1,-1,1,3,304260,608015,-3.511669,55.356783,98,3,3,1,"28/05/2015",5,1899-12-30 07:10:00,917,"S12000006",2,74,3,70,0,-1,-1,0,0,0,1,1,1,0,0,2,1,NA,NA,NA,NA,NA,NA,NA,NA,NA,NA,NA,NA,NA,NA,NA
"2015984119015",1,9,0,9,0,8,0,0,0,0,3,1,6,1,22,5,1998,1,4,-1,3,-1,1,2,318835,575075,-3.272368,55.06349,98,2,2,1,"42283",4,1899-12-30 18:45:00,917,"S12000006",4,7076,1,60,1,4,4,725,0,0,1,1,1,0,0,2,2,NA,NA,NA,NA,NA,NA,NA,NA,NA,NA,NA,NA,NA,NA,NA
"2015984119015",2,1,0,18,0,4,0,0,0,0,1,1,6,2,41,7,-1,-1,-1,-1,2,-1,1,2,318835,575075,-3.272368,55.06349,98,2,2,1,"42283",4,1899-12-30 18:45:00,917,"S12000006",4,7076,1,60,1,4,4,725,0,0,1,1,1,0,0,2,2,NA,1,1,2,41,7,2,0,0,0,0,0,1,2,-1
"2015984120415",1,9,0,18,0,0,1,0,5,6,3,1,6,1,55,8,1796,1,9,-1,1,-1,1,1,327529,570944,-3.135224,55.027722,98,3,1,1,"21/06/2015",1,1899-12-30 15:30:00,917,"S12000006",2,74,3,70,0,-1,-1,0,0,0,1,2,2,0,0,2,1,NA,1,2,2,18,4,3,0,0,1,0,0,9,1,4
"2015984120515",1,9,0,18,0,0,0,0,0,0,3,1,6,2,24,5,1598,1,6,-1,2,-1,1,1,319899,566722,-3.253369,54.98862,98,3,1,1,"22/06/2015",2,1899-12-30 17:00:00,917,"S12000006",6,957,6,30,0,-1,-1,0,0,0,1,1,1,0,0,2,1,NA,1,3,1,9,2,3,5,4,0,0,0,0,2,-1
"2015984120715",1,9,0,13,0,0,2,0,0,0,3,1,6,1,19,4,1229,1,1,-1,1,-1,1,3,307160,594927,-3.461614,55.239774,98,2,3,1,"22/06/2015",2,1899-12-30 13:15:00,917,"S12000006",3,701,6,60,0,-1,-1,0,0,0,1,1,1,0,0,2,1,NA,1,1,1,19,4,2,0,0,0,0,0,9,1,-1
"2015984120715",2,9,0,18,0,0,1,0,7,4,2,1,6,2,41,7,1461,2,-1,-1,1,-1,1,3,307160,594927,-3.461614,55.239774,98,2,3,1,"22/06/2015",2,1899-12-30 13:15:00,917,"S12000006",3,701,6,60,0,-1,-1,0,0,0,1,1,1,0,0,2,1,NA,NA,NA,NA,NA,NA,NA,NA,NA,NA,NA,NA,NA,NA,NA
"2015984120715",3,9,0,13,0,0,0,0,0,0,4,1,6,1,38,7,1998,2,7,-1,2,-1,1,3,307160,594927,-3.461614,55.239774,98,2,3,1,"22/06/2015",2,1899-12-30 13:15:00,917,"S12000006",3,701,6,60,0,-1,-1,0,0,0,1,1,1,0,0,2,1,NA,NA,NA,NA,NA,NA,NA,NA,NA,NA,NA,NA,NA,NA,NA
"2015984120915",1,5,0,17,0,0,0,0,1,0,1,1,6,1,53,8,1340,1,3,-1,1,-1,1,1,310464,604506,-3.412724,55.326433,98,2,1,1,"28/06/2015",1,1899-12-30 14:00:00,917,"S12000006",3,708,6,60,0,-1,-1,0,0,0,1,1,2,0,0,2,1,NA,1,1,1,53,8,2,0,0,0,0,0,5,1,4
"2015984121415",1,9,0,17,0,0,2,0,7,4,1,1,6,2,20,4,1461,2,11,-1,3,-1,2,1,308392,581594,-3.437925,55.120233,98,3,1,2,"42162",2,1899-12-30 19:00:00,917,"S12000006",4,7020,6,60,0,-1,-1,0,0,0,1,2,2,0,0,2,1,NA,1,1,2,20,4,3,0,0,0,0,0,9,3,-1
"2015984121415",1,9,0,17,0,0,2,0,7,4,1,1,6,2,20,4,1461,2,11,-1,3,-1,2,1,308392,581594,-3.437925,55.120233,98,3,1,2,"42162",2,1899-12-30 19:00:00,917,"S12000006",4,7020,6,60,0,-1,-1,0,0,0,1,2,2,0,0,2,1,NA,2,2,2,18,4,3,0,0,1,0,0,9,3,-1
"2015984122215",1,1,0,9,0,8,0,0,0,0,1,1,6,1,12,3,-1,-1,-1,-1,2,-1,1,2,319769,567520,-3.255624,54.995768,98,3,2,1,"42315",7,1899-12-30 16:40:00,917,"S12000006",6,934,6,30,3,4,6,0,0,0,1,1,1,0,0,2,1,NA,1,1,1,12,3,3,0,0,0,0,0,1,2,-1
"2015984122215",2,9,0,18,0,1,0,0,0,0,1,1,6,2,44,7,1994,2,7,-1,2,-1,1,2,319769,567520,-3.255624,54.995768,98,3,2,1,"42315",7,1899-12-30 16:40:00,917,"S12000006",6,934,6,30,3,4,6,0,0,0,1,1,1,0,0,2,1,NA,NA,NA,NA,NA,NA,NA,NA,NA,NA,NA,NA,NA,NA,NA
"2015984122415",1,9,0,5,0,6,0,0,1,0,3,1,2,2,19,4,1229,1,-1,-1,3,-1,4,3,330751,567471,-3.083989,54.996979,98,3,3,4,"42315",7,1899-12-30 18:00:00,917,"S12000006",3,75,3,70,3,4,4,721,0,0,1,1,1,0,2,2,1,NA,1,1,2,19,4,3,0,0,0,0,0,9,3,-1
"2015984122415",1,9,0,5,0,6,0,0,1,0,3,1,2,2,19,4,1229,1,-1,-1,3,-1,4,3,330751,567471,-3.083989,54.996979,98,3,3,4,"42315",7,1899-12-30 18:00:00,917,"S12000006",3,75,3,70,3,4,4,721,0,0,1,1,1,0,2,2,1,NA,3,2,1,19,4,3,0,0,1,0,0,9,1,-1
"2015984122415",2,9,0,18,0,1,0,0,0,0,4,1,6,1,53,8,1598,2,2,-1,2,-1,4,3,330751,567471,-3.083989,54.996979,98,3,3,4,"42315",7,1899-12-30 18:00:00,917,"S12000006",3,75,3,70,3,4,4,721,0,0,1,1,1,0,2,2,1,NA,2,1,1,53,8,3,0,0,0,0,0,9,2,3
"2015984122415",2,9,0,18,0,1,0,0,0,0,4,1,6,1,53,8,1598,2,2,-1,2,-1,4,3,330751,567471,-3.083989,54.996979,98,3,3,4,"42315",7,1899-12-30 18:00:00,917,"S12000006",3,75,3,70,3,4,4,721,0,0,1,1,1,0,2,2,1,NA,4,2,1,23,5,3,0,0,1,0,0,9,1,1
"2015984122415",3,9,0,18,0,1,0,11,0,0,1,1,6,2,29,6,1360,1,10,-1,1,-1,4,3,330751,567471,-3.083989,54.996979,98,3,3,4,"42315",7,1899-12-30 18:00:00,917,"S12000006",3,75,3,70,3,4,4,721,0,0,1,1,1,0,2,2,1,NA,NA,NA,NA,NA,NA,NA,NA,NA,NA,NA,NA,NA,NA,NA
"2015984122515",1,9,0,17,0,0,0,0,0,0,0,1,6,1,-1,-1,-1,-1,-1,-1,-1,-1,1,2,316443,580955,-3.311538,55.115917,98,3,2,1,"42284",6,1899-12-30 17:00:00,917,"S12000006",4,7068,6,60,0,-1,-1,0,0,0,1,1,1,0,0,2,2,NA,NA,NA,NA,NA,NA,NA,NA,NA,NA,NA,NA,NA,NA,NA
"2015984122515",2,5,0,16,0,0,1,0,0,11,1,1,6,1,52,8,600,1,17,-1,2,-1,1,2,316443,580955,-3.311538,55.115917,98,3,2,1,"42284",6,1899-12-30 17:00:00,917,"S12000006",4,7068,6,60,0,-1,-1,0,0,0,1,1,1,0,0,2,2,NA,1,1,1,52,8,3,0,0,0,0,0,5,2,-1
"2015984123315",1,5,0,17,0,0,0,0,1,0,4,1,6,1,32,6,645,1,11,-1,1,-1,1,1,305711,581430,-3.479893,55.118257,98,2,1,1,"18/07/2015",7,1899-12-30 10:00:00,917,"S12000006",3,709,6,60,0,-1,-1,0,0,0,1,1,1,0,0,2,1,NA,1,1,1,32,6,2,0,0,0,0,0,5,1,-1
"2015984123415",1,5,0,4,7,2,1,0,0,0,4,1,6,1,70,10,1170,1,5,-1,-1,-1,1,1,336546,585331,-2.997407,55.158219,98,2,1,1,"19/07/2015",1,1899-12-30 13:50:00,917,"S12000006",3,7,9,30,3,4,6,0,0,0,1,1,2,7,0,2,1,NA,1,2,2,65,9,2,0,0,0,0,0,5,-1,-1
"2015984123615",1,9,0,18,0,0,0,0,0,6,3,1,2,1,40,7,4197,1,10,-1,3,-1,1,1,331519,567775,-3.07206,54.999817,98,3,1,1,"42345",1,1899-12-30 17:00:00,917,"S12000006",3,75,3,70,0,-1,-1,0,0,0,1,1,1,0,0,2,1,NA,1,1,1,40,7,3,0,0,0,0,0,9,3,-1
"2015984124215",1,9,0,9,0,8,0,0,0,0,0,1,6,3,-1,-1,-1,-1,-1,-1,-1,-1,1,3,330766,567415,-3.083741,54.996478,98,3,3,1,"28/07/2015",3,1899-12-30 09:00:00,917,"S12000006",4,721,6,60,3,4,3,75,0,0,1,2,2,0,0,2,1,NA,NA,NA,NA,NA,NA,NA,NA,NA,NA,NA,NA,NA,NA,NA
"2015984124215",2,9,0,4,0,1,0,0,0,0,1,1,6,2,26,6,1598,1,5,-1,3,-1,1,3,330766,567415,-3.083741,54.996478,98,3,3,1,"28/07/2015",3,1899-12-30 09:00:00,917,"S12000006",4,721,6,60,3,4,3,75,0,0,1,2,2,0,0,2,1,NA,NA,NA,NA,NA,NA,NA,NA,NA,NA,NA,NA,NA,NA,NA
"2015984124215",3,9,0,4,0,1,0,0,0,0,2,1,6,2,61,9,1560,2,2,-1,3,-1,1,3,330766,567415,-3.083741,54.996478,98,3,3,1,"28/07/2015",3,1899-12-30 09:00:00,917,"S12000006",4,721,6,60,3,4,3,75,0,0,1,2,2,0,0,2,1,NA,1,1,2,61,9,3,0,0,0,0,0,9,3,-1
"2015984124815",1,9,0,18,0,0,2,0,4,6,1,1,2,1,29,6,1364,1,7,-1,1,-1,1,1,303553,611453,-3.524003,55.387526,98,3,1,1,"42102",3,1899-12-30 07:30:00,917,"S12000006",2,74,3,70,0,-1,-1,0,0,0,1,2,2,0,0,2,1,NA,1,1,1,29,6,3,0,0,0,0,0,9,1,-1
"2015984125115",1,19,0,18,0,0,0,0,0,0,1,1,2,1,33,6,1248,2,8,-1,1,-1,2,2,313203,581443,-3.362468,55.119744,98,1,2,2,"42132",4,1899-12-30 16:50:00,917,"S12000006",2,74,3,70,0,-1,-1,0,0,0,1,1,1,0,0,2,1,NA,1,1,1,33,6,2,0,0,0,0,0,19,1,-1
"2015984125115",1,19,0,18,0,0,0,0,0,0,1,1,2,1,33,6,1248,2,8,-1,1,-1,2,2,313203,581443,-3.362468,55.119744,98,1,2,2,"42132",4,1899-12-30 16:50:00,917,"S12000006",2,74,3,70,0,-1,-1,0,0,0,1,1,1,0,0,2,1,NA,2,2,1,52,8,1,0,0,1,0,0,19,1,-1
"2015984125115",2,21,1,18,0,0,0,0,0,0,2,2,1,1,32,6,-1,-1,-1,-1,-1,-1,2,2,313203,581443,-3.362468,55.119744,98,1,2,2,"42132",4,1899-12-30 16:50:00,917,"S12000006",2,74,3,70,0,-1,-1,0,0,0,1,1,1,0,0,2,1,NA,NA,NA,NA,NA,NA,NA,NA,NA,NA,NA,NA,NA,NA,NA
"2015984125315",1,9,0,16,0,1,1,0,7,7,1,1,6,2,48,8,1598,2,1,-1,1,-1,5,1,330469,568884,-3.08874,55.009635,98,1,1,5,"42043",1,1899-12-30 19:05:00,917,"S12000006",2,74,3,70,5,4,6,0,0,0,1,1,1,0,0,2,1,NA,1,1,2,48,8,1,0,0,0,0,0,9,1,-1
"2015984125315",1,9,0,16,0,1,1,0,7,7,1,1,6,2,48,8,1598,2,1,-1,1,-1,5,1,330469,568884,-3.08874,55.009635,98,1,1,5,"42043",1,1899-12-30 19:05:00,917,"S12000006",2,74,3,70,5,4,6,0,0,0,1,1,1,0,0,2,1,NA,2,2,2,43,7,3,0,0,1,0,0,9,3,-1
"2015984125315",1,9,0,16,0,1,1,0,7,7,1,1,6,2,48,8,1598,2,1,-1,1,-1,5,1,330469,568884,-3.08874,55.009635,98,1,1,5,"42043",1,1899-12-30 19:05:00,917,"S12000006",2,74,3,70,5,4,6,0,0,0,1,1,1,0,0,2,1,NA,3,2,2,70,10,2,0,0,2,0,0,9,-1,-1
"2015984125315",1,9,0,16,0,1,1,0,7,7,1,1,6,2,48,8,1598,2,1,-1,1,-1,5,1,330469,568884,-3.08874,55.009635,98,1,1,5,"42043",1,1899-12-30 19:05:00,917,"S12000006",2,74,3,70,5,4,6,0,0,0,1,1,1,0,0,2,1,NA,4,2,2,21,5,3,0,0,2,0,0,9,1,-1
"2015984125315",1,9,0,16,0,1,1,0,7,7,1,1,6,2,48,8,1598,2,1,-1,1,-1,5,1,330469,568884,-3.08874,55.009635,98,1,1,5,"42043",1,1899-12-30 19:05:00,917,"S12000006",2,74,3,70,5,4,6,0,0,0,1,1,1,0,0,2,1,NA,5,2,1,12,3,2,0,0,2,0,0,9,1,-1
"2015984125515",1,4,0,13,0,0,0,0,1,0,1,1,6,1,27,6,599,1,17,-1,1,-1,1,2,312873,583824,-3.368373,55.141075,98,2,2,1,"42224",7,1899-12-30 12:00:00,917,"S12000006",4,7076,6,60,0,-1,-1,0,0,0,1,1,1,0,0,2,1,NA,1,1,1,27,6,2,0,0,0,0,0,4,1,-1
"2015984125515",2,17,4,18,0,0,0,0,0,0,2,1,1,1,19,4,-1,2,14,-1,3,-1,1,2,312873,583824,-3.368373,55.141075,98,2,2,1,"42224",7,1899-12-30 12:00:00,917,"S12000006",4,7076,6,60,0,-1,-1,0,0,0,1,1,1,0,0,2,1,NA,NA,NA,NA,NA,NA,NA,NA,NA,NA,NA,NA,NA,NA,NA
"2015984125815",1,9,0,16,0,0,0,0,0,0,1,1,6,1,77,11,1596,1,5,-1,3,-1,1,2,326121,578239,-3.159138,55.093055,98,3,2,1,"42285",2,1899-12-30 15:15:00,917,"S12000006",4,722,6,60,0,-1,-1,0,0,0,1,1,1,0,0,2,1,NA,1,1,1,77,11,3,0,0,0,0,0,9,3,-1
"2015984125815",2,21,0,17,0,0,0,0,0,0,3,1,1,1,43,7,5193,2,6,-1,3,-1,1,2,326121,578239,-3.159138,55.093055,98,3,2,1,"42285",2,1899-12-30 15:15:00,917,"S12000006",4,722,6,60,0,-1,-1,0,0,0,1,1,1,0,0,2,1,NA,NA,NA,NA,NA,NA,NA,NA,NA,NA,NA,NA,NA,NA,NA
"2015984126115",1,9,0,9,0,1,0,0,0,2,1,1,6,2,24,5,1968,2,5,-1,2,-1,2,2,317878,567563,-3.285186,54.995846,98,3,2,2,"14/08/2015",6,1899-12-30 08:00:00,917,"S12000006",3,75,6,60,3,4,4,721,0,0,1,2,2,0,0,2,1,NA,1,1,2,24,5,3,0,0,0,0,0,9,2,-1
"2015984126115",2,9,0,18,0,1,0,0,1,0,1,1,2,1,68,10,1998,1,9,-1,1,-1,2,2,317878,567563,-3.285186,54.995846,98,3,2,2,"14/08/2015",6,1899-12-30 08:00:00,917,"S12000006",3,75,6,60,3,4,4,721,0,0,1,2,2,0,0,2,1,NA,2,1,1,68,10,3,0,0,0,0,0,9,1,10
"2015984126215",1,9,0,3,0,1,0,0,0,0,2,1,2,2,35,6,1198,1,2,-1,3,-1,2,3,338953,576296,-2.957692,55.077345,98,3,3,2,"17/08/2015",2,1899-12-30 17:45:00,917,"S12000006",3,7,6,60,3,4,4,6357,0,0,1,1,1,0,0,2,1,NA,NA,NA,NA,NA,NA,NA,NA,NA,NA,NA,NA,NA,NA,NA
"2015984126215",2,9,0,3,0,1,0,0,0,0,1,1,6,1,46,8,1896,2,13,-1,1,-1,2,3,338953,576296,-2.957692,55.077345,98,3,3,2,"17/08/2015",2,1899-12-30 17:45:00,917,"S12000006",3,7,6,60,3,4,4,6357,0,0,1,1,1,0,0,2,1,NA,1,1,1,46,8,3,0,0,0,0,0,9,1,-1
"2015984126215",2,9,0,3,0,1,0,0,0,0,1,1,6,1,46,8,1896,2,13,-1,1,-1,2,3,338953,576296,-2.957692,55.077345,98,3,3,2,"17/08/2015",2,1899-12-30 17:45:00,917,"S12000006",3,7,6,60,3,4,4,6357,0,0,1,1,1,0,0,2,1,NA,2,2,2,54,8,3,0,0,1,0,0,9,1,-1
"2015984126215",3,19,0,3,0,1,0,0,0,0,1,1,2,1,53,8,2198,2,3,-1,3,-1,2,3,338953,576296,-2.957692,55.077345,98,3,3,2,"17/08/2015",2,1899-12-30 17:45:00,917,"S12000006",3,7,6,60,3,4,4,6357,0,0,1,1,1,0,0,2,1,NA,NA,NA,NA,NA,NA,NA,NA,NA,NA,NA,NA,NA,NA,NA
"2015984126815",1,9,0,16,0,0,1,0,0,0,3,1,6,1,23,5,1598,2,1,-1,3,-1,2,2,317327,566149,-3.293388,54.983052,98,3,2,2,"21/08/2015",6,1899-12-30 19:50:00,917,"S12000006",5,35,6,60,0,-1,-1,0,0,0,1,1,1,0,0,2,1,NA,1,1,1,23,5,3,0,0,0,0,0,9,3,-1
"2015984126815",2,9,0,17,0,0,0,0,2,3,3,1,6,2,59,9,2184,2,10,-1,1,-1,2,2,317327,566149,-3.293388,54.983052,98,3,2,2,"21/08/2015",6,1899-12-30 19:50:00,917,"S12000006",5,35,6,60,0,-1,-1,0,0,0,1,1,1,0,0,2,1,NA,2,1,2,59,9,3,0,0,0,0,0,9,1,-1
"2015984126915",1,9,0,18,0,0,0,0,1,9,1,1,6,1,52,8,1997,2,8,-1,1,-1,3,2,318128,575574,-3.283579,55.067857,98,3,2,3,"24/08/2015",2,1899-12-30 01:00:00,917,"S12000006",2,74,3,70,0,-1,-1,0,0,0,6,2,5,0,0,2,1,NA,1,2,2,44,7,3,0,0,1,0,0,9,1,9
"2015984126915",2,9,0,18,0,0,0,0,1,9,1,1,6,1,45,7,1984,1,9,-1,1,-1,3,2,318128,575574,-3.283579,55.067857,98,3,2,3,"24/08/2015",2,1899-12-30 01:00:00,917,"S12000006",2,74,3,70,0,-1,-1,0,0,0,6,2,5,0,0,2,1,NA,2,2,2,9,2,3,0,0,2,0,0,9,1,4
"2015984126915",2,9,0,18,0,0,0,0,1,9,1,1,6,1,45,7,1984,1,9,-1,1,-1,3,2,318128,575574,-3.283579,55.067857,98,3,2,3,"24/08/2015",2,1899-12-30 01:00:00,917,"S12000006",2,74,3,70,0,-1,-1,0,0,0,6,2,5,0,0,2,1,NA,3,2,2,9,2,3,0,0,2,0,0,9,1,4
"2015984127315",1,2,0,18,0,0,1,4,0,0,1,1,6,1,44,7,49,1,12,-1,2,-1,1,2,320333,567053,-3.24668,54.991664,98,3,2,1,"17/08/2015",2,1899-12-30 19:00:00,917,"S12000006",6,265,6,30,0,-1,-1,0,0,0,1,1,1,0,0,2,1,NA,1,1,1,44,7,3,0,0,0,0,0,2,2,-1
"2015984127315",2,9,0,2,0,0,0,0,0,0,2,-1,-1,3,-1,-1,1422,2,5,-1,-1,-1,1,2,320333,567053,-3.24668,54.991664,98,3,2,1,"17/08/2015",2,1899-12-30 19:00:00,917,"S12000006",6,265,6,30,0,-1,-1,0,0,0,1,1,1,0,0,2,1,NA,NA,NA,NA,NA,NA,NA,NA,NA,NA,NA,NA,NA,NA,NA
"2015984127515",1,19,0,4,0,1,0,0,0,0,3,1,6,1,56,9,1968,2,3,-1,2,-1,1,2,319848,566515,-3.254108,54.986752,98,3,2,1,"23/08/2015",1,1899-12-30 14:00:00,917,"S12000006",4,721,6,30,3,4,6,0,0,0,1,1,1,0,0,2,2,NA,NA,NA,NA,NA,NA,NA,NA,NA,NA,NA,NA,NA,NA,NA
"2015984127515",2,1,0,7,9,1,0,0,0,0,1,1,6,1,9,2,-1,-1,-1,-1,2,-1,1,2,319848,566515,-3.254108,54.986752,98,3,2,1,"23/08/2015",1,1899-12-30 14:00:00,917,"S12000006",4,721,6,30,3,4,6,0,0,0,1,1,1,0,0,2,2,NA,1,1,1,9,2,3,0,0,0,0,0,1,2,-1
"2015984127615",1,9,0,16,0,0,1,0,8,7,3,1,2,1,48,8,1995,2,3,-1,1,-1,1,1,338620,595149,-2.966998,55.246691,98,3,1,1,"27/08/2015",5,1899-12-30 08:30:00,917,"S12000006",3,7,6,60,0,-1,-1,0,0,0,1,2,2,0,0,2,1,NA,1,1,1,48,8,3,0,0,0,0,0,9,1,6
"2015984128215",1,9,0,17,0,0,0,6,1,7,1,1,6,1,21,5,2143,2,-1,-1,1,-1,2,1,327982,570650,-3.128065,55.025147,98,1,1,2,"30/08/2015",1,1899-12-30 06:00:00,917,"S12000006",2,74,3,70,0,-1,-1,0,0,0,1,1,1,0,0,2,1,NA,1,1,1,21,5,1,0,0,0,0,0,9,1,2
"2015984128215",1,9,0,17,0,0,0,6,1,7,1,1,6,1,21,5,2143,2,-1,-1,1,-1,2,1,327982,570650,-3.128065,55.025147,98,1,1,2,"30/08/2015",1,1899-12-30 06:00:00,917,"S12000006",2,74,3,70,0,-1,-1,0,0,0,1,1,1,0,0,2,1,NA,2,2,1,22,5,1,0,0,1,0,0,9,1,1
"2015984128515",1,5,0,18,0,0,0,0,7,6,1,1,6,1,50,8,996,1,17,-1,1,-1,1,1,318980,575210,-3.270137,55.064727,98,2,1,1,"42103",6,1899-12-30 11:15:00,917,"S12000006",2,74,3,70,0,-1,-1,0,0,0,1,1,1,0,0,2,1,NA,1,1,1,50,8,2,0,0,0,0,0,5,1,-1
"2015984129115",1,19,0,18,0,0,0,0,0,0,1,1,1,1,48,8,1968,2,1,-1,3,-1,1,2,309715,598908,-3.422724,55.27601,98,3,2,1,"42256",4,1899-12-30 04:44:00,917,"S12000006",2,74,3,70,0,-1,-1,0,0,0,6,1,1,0,0,2,1,NA,NA,NA,NA,NA,NA,NA,NA,NA,NA,NA,NA,NA,NA,NA
"2015984129115",2,21,1,18,0,0,0,0,0,0,2,1,1,1,51,8,12777,2,2,-1,2,-1,1,2,309715,598908,-3.422724,55.27601,98,3,2,1,"42256",4,1899-12-30 04:44:00,917,"S12000006",2,74,3,70,0,-1,-1,0,0,0,6,1,1,0,0,2,1,NA,1,1,1,51,8,3,0,0,0,0,0,21,2,-1
"2015984129715",1,9,0,5,0,6,0,0,0,0,1,1,6,1,55,8,1910,2,11,-1,3,-1,1,2,330766,567430,-3.083745,54.996613,98,3,2,1,"42286",5,1899-12-30 15:45:00,917,"S12000006",4,721,6,60,3,4,3,75,0,0,1,1,1,0,0,2,1,NA,NA,NA,NA,NA,NA,NA,NA,NA,NA,NA,NA,NA,NA,NA
"2015984129715",2,9,0,9,0,5,0,0,0,0,3,1,6,2,47,8,1461,2,1,-1,3,-1,1,2,330766,567430,-3.083745,54.996613,98,3,2,1,"42286",5,1899-12-30 15:45:00,917,"S12000006",4,721,6,60,3,4,3,75,0,0,1,1,1,0,0,2,1,NA,1,1,2,47,8,3,0,0,0,0,0,9,3,-1
"2015984130315",1,9,0,18,0,0,0,0,0,0,4,1,6,3,-1,-1,-1,-1,-1,-1,-1,-1,1,2,312312,605860,-3.384031,55.33893,98,3,2,1,"27/09/2015",1,1899-12-30 13:50:00,917,"S12000006",3,708,6,60,0,-1,-1,0,0,0,1,1,1,0,0,2,2,NA,NA,NA,NA,NA,NA,NA,NA,NA,NA,NA,NA,NA,NA,NA
"2015984130315",2,1,0,18,0,0,1,0,1,9,3,1,6,1,16,4,-1,-1,-1,-1,3,-1,1,2,312312,605860,-3.384031,55.33893,98,3,2,1,"27/09/2015",1,1899-12-30 13:50:00,917,"S12000006",3,708,6,60,0,-1,-1,0,0,0,1,1,1,0,0,2,2,NA,1,1,1,16,4,3,0,0,0,0,0,1,3,-1
"2015984130815",1,5,0,17,0,0,1,0,1,0,1,1,6,1,60,9,1170,1,4,-1,3,-1,1,1,310460,604532,-3.412795,55.326666,98,2,1,1,"42073",7,1899-12-30 15:50:00,917,"S12000006",3,708,6,60,0,-1,-1,0,0,0,1,1,1,0,0,2,1,NA,1,1,1,60,9,2,0,0,0,0,0,5,3,-1
"2015984131215",1,21,1,18,0,0,5,0,1,9,1,1,1,1,28,6,15607,2,10,-1,-1,-1,1,1,328774,567001,-3.114769,54.992477,98,3,1,1,"27/09/2015",1,1899-12-30 06:00:00,917,"S12000006",3,75,6,60,0,-1,-1,0,0,0,6,1,1,0,0,2,1,NA,1,1,1,28,6,3,0,0,0,0,0,21,-1,-1
"2015984132215",1,9,0,16,0,3,0,0,0,0,1,1,6,1,-1,-1,-1,-1,-1,-1,-1,-1,1,1,320174,566497,-3.249009,54.986643,98,3,1,1,"20/10/2015",3,1899-12-30 14:55:00,917,"S12000006",6,503,1,30,1,4,4,721,0,0,1,1,1,0,0,2,1,NA,1,3,2,19,4,3,5,3,0,0,0,0,1,1
"2015984132315",1,9,0,16,0,0,0,0,0,0,1,1,6,1,-1,-1,1560,2,6,-1,-1,-1,2,2,325193,568986,-3.171246,55.009785,98,3,2,2,"23/10/2015",6,1899-12-30 09:45:00,917,"S12000006",4,6357,6,60,0,-1,-1,0,0,0,1,1,1,0,0,2,1,NA,1,1,1,-1,-1,3,0,0,0,0,0,9,-1,-1
"2015984132315",2,9,0,17,0,0,0,0,1,0,1,1,6,2,55,8,-1,-1,-1,-1,3,-1,2,2,325193,568986,-3.171246,55.009785,98,3,2,2,"23/10/2015",6,1899-12-30 09:45:00,917,"S12000006",4,6357,6,60,0,-1,-1,0,0,0,1,1,1,0,0,2,1,NA,2,1,2,55,8,3,0,0,0,0,0,9,3,-1
"2015984132815",1,9,0,13,0,0,2,0,1,1,4,1,6,1,34,6,1362,1,3,-1,-1,-1,1,2,315619,578498,-3.323723,55.093705,98,2,2,1,"42046",2,1899-12-30 14:47:00,917,"S12000006",2,74,3,70,0,-1,-1,0,0,0,1,1,1,0,0,2,1,NA,1,1,1,34,6,2,0,0,0,0,0,9,-1,-1
"2015984132815",2,9,0,13,0,0,1,0,1,0,3,1,6,1,20,4,1242,1,11,-1,1,-1,1,2,315619,578498,-3.323723,55.093705,98,2,2,1,"42046",2,1899-12-30 14:47:00,917,"S12000006",2,74,3,70,0,-1,-1,0,0,0,1,1,1,0,0,2,1,NA,NA,NA,NA,NA,NA,NA,NA,NA,NA,NA,NA,NA,NA,NA
"2015984133015",1,3,0,9,0,8,0,0,0,0,1,1,6,1,27,6,125,1,-1,-1,3,-1,1,2,319506,566586,-3.259471,54.987335,98,3,2,1,"42105",4,1899-12-30 22:00:00,917,"S12000006",4,721,6,30,6,2,6,0,0,4,4,1,2,0,0,2,1,NA,1,1,1,27,6,3,0,0,0,0,0,3,3,-1
"2015984133015",2,9,0,18,0,8,0,0,0,0,1,1,6,1,49,8,1560,2,1,-1,2,-1,1,2,319506,566586,-3.259471,54.987335,98,3,2,1,"42105",4,1899-12-30 22:00:00,917,"S12000006",4,721,6,30,6,2,6,0,0,4,4,1,2,0,0,2,1,NA,NA,NA,NA,NA,NA,NA,NA,NA,NA,NA,NA,NA,NA,NA
"2015984133115",1,9,0,16,0,0,2,0,7,11,1,1,6,2,20,4,1242,1,2,-1,3,-1,1,1,308738,579979,-3.431983,55.105789,98,3,1,1,"42105",4,1899-12-30 20:45:00,917,"S12000006",4,7020,6,60,0,-1,-1,0,0,0,6,1,2,0,0,2,1,NA,1,1,2,20,4,3,0,0,0,0,0,9,3,-1
"2015984133815",1,9,0,18,0,0,1,0,7,0,1,1,6,2,72,10,1149,1,6,-1,2,-1,4,3,314076,578925,-3.348023,55.097276,98,2,3,4,"42258",2,1899-12-30 09:50:00,917,"S12000006",4,723,6,60,0,-1,-1,0,0,0,1,2,2,0,0,2,1,NA,1,1,2,72,10,2,0,0,0,0,0,9,2,-1
"2015984133815",2,10,0,18,0,0,1,0,7,0,1,1,4,1,61,9,1998,2,10,-1,2,-1,4,3,314076,578925,-3.348023,55.097276,98,2,3,4,"42258",2,1899-12-30 09:50:00,917,"S12000006",4,723,6,60,0,-1,-1,0,0,0,1,2,2,0,0,2,1,NA,2,1,1,61,9,3,0,0,0,0,0,10,2,-1
"2015984133815",2,10,0,18,0,0,1,0,7,0,1,1,4,1,61,9,1998,2,10,-1,2,-1,4,3,314076,578925,-3.348023,55.097276,98,2,3,4,"42258",2,1899-12-30 09:50:00,917,"S12000006",4,723,6,60,0,-1,-1,0,0,0,1,2,2,0,0,2,1,NA,3,2,2,17,4,2,0,0,1,0,0,10,3,-1
"2015984133815",2,10,0,18,0,0,1,0,7,0,1,1,4,1,61,9,1998,2,10,-1,2,-1,4,3,314076,578925,-3.348023,55.097276,98,2,3,4,"42258",2,1899-12-30 09:50:00,917,"S12000006",4,723,6,60,0,-1,-1,0,0,0,1,2,2,0,0,2,1,NA,4,2,2,17,4,2,0,0,2,0,0,10,2,-1
"2015984133815",3,90,0,18,0,0,0,0,0,0,0,1,1,1,32,6,-1,-1,-1,-1,3,-1,4,3,314076,578925,-3.348023,55.097276,98,2,3,4,"42258",2,1899-12-30 09:50:00,917,"S12000006",4,723,6,60,0,-1,-1,0,0,0,1,2,2,0,0,2,1,NA,NA,NA,NA,NA,NA,NA,NA,NA,NA,NA,NA,NA,NA,NA
"2015984134815",1,3,0,18,0,0,0,0,0,0,1,1,6,1,25,5,124,1,1,-1,3,-1,1,1,310142,596869,-3.415353,55.257772,98,3,1,1,"28/10/2015",4,1899-12-30 19:00:00,917,"S12000006",4,7076,6,60,0,-1,-1,0,0,0,6,1,1,0,7,2,1,NA,1,1,1,25,5,3,0,0,0,0,0,3,3,-1
"2015984135815",1,9,0,18,0,1,0,0,0,0,1,1,6,1,74,10,2179,2,2,-1,3,-1,1,2,338928,576364,-2.958098,55.077953,98,3,2,1,"20/11/2015",6,1899-12-30 16:55:00,917,"S12000006",3,7,6,60,3,4,4,6357,0,0,6,2,2,0,0,2,1,NA,NA,NA,NA,NA,NA,NA,NA,NA,NA,NA,NA,NA,NA,NA
"2015984135815",2,1,0,7,0,5,0,0,0,0,2,1,6,1,56,9,-1,-1,-1,-1,3,-1,1,2,338928,576364,-2.958098,55.077953,98,3,2,1,"20/11/2015",6,1899-12-30 16:55:00,917,"S12000006",3,7,6,60,3,4,4,6357,0,0,6,2,2,0,0,2,1,NA,1,1,1,56,9,3,0,0,0,0,0,1,3,-1
"2015984136815",1,9,0,9,0,1,0,0,0,0,3,1,6,2,50,8,1989,1,12,-1,3,-1,2,1,324728,566339,-3.177818,54.985933,98,3,1,2,"24/11/2015",3,1899-12-30 20:03:00,917,"S12000006",5,41,6,30,3,4,6,0,0,0,4,1,2,0,0,2,1,NA,1,3,2,13,3,3,8,1,0,0,0,0,3,-1
"2015984136815",1,9,0,9,0,1,0,0,0,0,3,1,6,2,50,8,1989,1,12,-1,3,-1,2,1,324728,566339,-3.177818,54.985933,98,3,1,2,"24/11/2015",3,1899-12-30 20:03:00,917,"S12000006",5,41,6,30,3,4,6,0,0,0,4,1,2,0,0,2,1,NA,2,3,2,13,3,3,8,1,0,0,0,0,3,-1
"2015984137515",1,9,0,18,0,0,0,0,0,0,1,1,2,1,37,7,1229,1,6,-1,3,-1,1,2,327369,566993,-3.136722,54.992202,98,3,2,1,"42016",3,1899-12-30 17:15:00,917,"S12000006",3,75,6,60,0,-1,-1,0,0,0,6,4,2,0,0,2,1,NA,NA,NA,NA,NA,NA,NA,NA,NA,NA,NA,NA,NA,NA,NA
"2015984137515",2,9,0,18,0,0,0,0,1,0,3,1,6,1,62,9,1248,2,3,-1,2,-1,1,2,327369,566993,-3.136722,54.992202,98,3,2,1,"42016",3,1899-12-30 17:15:00,917,"S12000006",3,75,6,60,0,-1,-1,0,0,0,6,4,2,0,0,2,1,NA,1,1,1,62,9,3,0,0,0,0,0,9,2,-1
"2015984137615",1,20,0,18,0,0,0,0,0,0,1,1,1,1,32,6,-1,-1,-1,-1,1,-1,1,2,319301,566593,-3.262676,54.987365,98,3,2,1,"42047",4,1899-12-30 16:30:00,917,"S12000006",4,721,6,30,0,-1,-1,0,0,5,4,2,2,0,0,2,1,NA,NA,NA,NA,NA,NA,NA,NA,NA,NA,NA,NA,NA,NA,NA
"2015984137615",2,8,0,18,0,0,0,0,0,0,2,1,1,1,46,8,1896,2,7,-1,2,-1,1,2,319301,566593,-3.262676,54.987365,98,3,2,1,"42047",4,1899-12-30 16:30:00,917,"S12000006",4,721,6,30,0,-1,-1,0,0,5,4,2,2,0,0,2,1,NA,1,1,1,46,8,3,0,0,0,0,0,8,2,-1
"2015984139015",1,3,0,18,0,0,1,0,1,0,4,1,2,1,23,5,125,1,-1,-1,2,-1,1,1,304440,580166,-3.499388,55.106659,98,3,1,1,"13/12/2015",1,1899-12-30 02:30:00,917,"S12000006",3,709,6,60,0,-1,-1,0,0,0,6,7,4,0,0,2,2,NA,1,1,1,23,5,3,0,0,0,0,0,3,2,-1
"2015984139115",1,19,0,18,0,0,1,0,0,0,1,1,2,1,38,7,1461,2,7,-1,2,-1,1,3,312087,570791,-3.376671,55.023855,98,3,3,1,"42320",6,1899-12-30 13:24:00,917,"S12000006",3,75,6,60,0,-1,-1,0,0,0,1,1,2,0,0,2,1,NA,1,1,1,38,7,3,0,0,0,0,0,19,2,6
"2015984139115",2,9,0,18,0,0,1,0,2,0,3,1,2,2,35,6,1598,2,1,-1,-1,-1,1,3,312087,570791,-3.376671,55.023855,98,3,3,1,"42320",6,1899-12-30 13:24:00,917,"S12000006",3,75,6,60,0,-1,-1,0,0,0,1,1,2,0,0,2,1,NA,NA,NA,NA,NA,NA,NA,NA,NA,NA,NA,NA,NA,NA,NA
"2015984139115",3,9,0,18,0,0,0,0,0,0,1,1,6,1,65,9,2179,2,1,-1,-1,-1,1,3,312087,570791,-3.376671,55.023855,98,3,3,1,"42320",6,1899-12-30 13:24:00,917,"S12000006",3,75,6,60,0,-1,-1,0,0,0,1,1,2,0,0,2,1,NA,NA,NA,NA,NA,NA,NA,NA,NA,NA,NA,NA,NA,NA,NA
"2015984139715",1,9,0,9,0,6,0,0,0,0,0,1,6,1,36,7,1560,2,1,-1,3,-1,1,2,320671,569791,-3.242159,55.016316,98,3,2,1,"42047",4,1899-12-30 13:50:00,917,"S12000006",4,722,6,60,3,4,6,0,0,0,1,1,2,0,0,2,1,NA,NA,NA,NA,NA,NA,NA,NA,NA,NA,NA,NA,NA,NA,NA
"2015984139715",2,9,0,18,0,8,1,0,7,9,1,1,6,2,24,5,1199,1,11,-1,3,-1,1,2,320671,569791,-3.242159,55.016316,98,3,2,1,"42047",4,1899-12-30 13:50:00,917,"S12000006",4,722,6,60,3,4,6,0,0,0,1,1,2,0,0,2,1,NA,1,1,2,24,5,3,0,0,0,0,0,9,3,-1
"2015984140215",1,9,0,18,0,0,2,0,1,11,4,1,6,1,22,5,2926,2,12,-1,-1,-1,4,1,311731,586343,-3.387067,55.163502,98,2,1,4,"23/12/2015",4,1899-12-30 00:01:00,917,"S12000006",2,74,3,70,0,-1,-1,0,0,0,6,4,2,0,0,2,1,NA,1,1,1,22,5,3,0,0,0,0,0,9,-1,-1
"2015984140215",1,9,0,18,0,0,2,0,1,11,4,1,6,1,22,5,2926,2,12,-1,-1,-1,4,1,311731,586343,-3.387067,55.163502,98,2,1,4,"23/12/2015",4,1899-12-30 00:01:00,917,"S12000006",2,74,3,70,0,-1,-1,0,0,0,6,4,2,0,0,2,1,NA,2,2,1,31,6,2,0,0,2,0,0,9,-1,-1
"2015984140215",1,9,0,18,0,0,2,0,1,11,4,1,6,1,22,5,2926,2,12,-1,-1,-1,4,1,311731,586343,-3.387067,55.163502,98,2,1,4,"23/12/2015",4,1899-12-30 00:01:00,917,"S12000006",2,74,3,70,0,-1,-1,0,0,0,6,4,2,0,0,2,1,NA,3,2,1,24,5,3,0,0,1,0,0,9,-1,-1
"2015984140215",1,9,0,18,0,0,2,0,1,11,4,1,6,1,22,5,2926,2,12,-1,-1,-1,4,1,311731,586343,-3.387067,55.163502,98,2,1,4,"23/12/2015",4,1899-12-30 00:01:00,917,"S12000006",2,74,3,70,0,-1,-1,0,0,0,6,4,2,0,0,2,1,NA,4,2,1,25,5,2,0,0,2,0,0,9,-1,-1
"2015984140515",1,9,0,13,0,1,0,0,0,0,1,1,6,2,75,10,1490,1,7,-1,3,-1,3,3,328273,570137,-3.123385,55.02058,98,3,3,3,"26/12/2015",7,1899-12-30 12:40:00,917,"S12000006",4,7076,6,60,5,4,2,74,0,0,1,2,2,0,0,2,1,NA,1,1,2,75,10,3,0,0,0,0,0,9,3,-1
"2015984140515",2,9,0,7,0,7,0,0,0,0,1,1,6,1,20,4,1242,1,4,-1,1,-1,3,3,328273,570137,-3.123385,55.02058,98,3,3,3,"26/12/2015",7,1899-12-30 12:40:00,917,"S12000006",4,7076,6,60,5,4,2,74,0,0,1,2,2,0,0,2,1,NA,2,1,1,20,4,3,0,0,0,0,0,9,1,6
"2015984140515",2,9,0,7,0,7,0,0,0,0,1,1,6,1,20,4,1242,1,4,-1,1,-1,3,3,328273,570137,-3.123385,55.02058,98,3,3,3,"26/12/2015",7,1899-12-30 12:40:00,917,"S12000006",4,7076,6,60,5,4,2,74,0,0,1,2,2,0,0,2,1,NA,3,2,2,17,4,3,0,0,2,0,0,9,1,6
"2015984140515",3,9,0,18,0,8,0,0,0,0,3,1,6,2,32,6,1598,2,1,-1,1,-1,3,3,328273,570137,-3.123385,55.02058,98,3,3,3,"26/12/2015",7,1899-12-30 12:40:00,917,"S12000006",4,7076,6,60,5,4,2,74,0,0,1,2,2,0,0,2,1,NA,NA,NA,NA,NA,NA,NA,NA,NA,NA,NA,NA,NA,NA,NA
"2015984141415",1,9,0,18,0,0,1,0,1,0,0,1,6,1,34,6,2149,2,9,-1,1,-1,7,13,314050,579638,-3.348646,55.103676,98,3,13,7,"31/12/2015",5,1899-12-30 16:37:00,917,"S12000006",2,74,3,70,0,-1,-1,0,0,0,6,3,4,0,0,2,1,NA,NA,NA,NA,NA,NA,NA,NA,NA,NA,NA,NA,NA,NA,NA
"2015984141415",2,9,0,18,0,0,1,0,1,0,0,1,6,2,33,6,1596,1,13,-1,1,-1,7,13,314050,579638,-3.348646,55.103676,98,3,13,7,"31/12/2015",5,1899-12-30 16:37:00,917,"S12000006",2,74,3,70,0,-1,-1,0,0,0,6,3,4,0,0,2,1,NA,NA,NA,NA,NA,NA,NA,NA,NA,NA,NA,NA,NA,NA,NA
"2015984141415",3,9,0,18,0,0,1,0,1,9,1,1,6,1,23,5,2199,2,4,-1,2,-1,7,13,314050,579638,-3.348646,55.103676,98,3,13,7,"31/12/2015",5,1899-12-30 16:37:00,917,"S12000006",2,74,3,70,0,-1,-1,0,0,0,6,3,4,0,0,2,1,NA,NA,NA,NA,NA,NA,NA,NA,NA,NA,NA,NA,NA,NA,NA
"2015984141415",4,9,0,18,0,0,1,0,5,7,1,1,6,1,53,8,2993,2,-1,-1,3,-1,7,13,314050,579638,-3.348646,55.103676,98,3,13,7,"31/12/2015",5,1899-12-30 16:37:00,917,"S12000006",2,74,3,70,0,-1,-1,0,0,0,6,3,4,0,0,2,1,NA,NA,NA,NA,NA,NA,NA,NA,NA,NA,NA,NA,NA,NA,NA
"2015984141415",5,9,0,18,0,0,1,0,0,6,1,1,6,1,36,7,1989,1,18,-1,1,-1,7,13,314050,579638,-3.348646,55.103676,98,3,13,7,"31/12/2015",5,1899-12-30 16:37:00,917,"S12000006",2,74,3,70,0,-1,-1,0,0,0,6,3,4,0,0,2,1,NA,5,1,1,36,7,3,0,0,0,0,0,9,1,-1
"2015984141415",5,9,0,18,0,0,1,0,0,6,1,1,6,1,36,7,1989,1,18,-1,1,-1,7,13,314050,579638,-3.348646,55.103676,98,3,13,7,"31/12/2015",5,1899-12-30 16:37:00,917,"S12000006",2,74,3,70,0,-1,-1,0,0,0,6,3,4,0,0,2,1,NA,6,2,2,30,6,3,0,0,1,0,0,9,1,-1
"2015984141415",5,9,0,18,0,0,1,0,0,6,1,1,6,1,36,7,1989,1,18,-1,1,-1,7,13,314050,579638,-3.348646,55.103676,98,3,13,7,"31/12/2015",5,1899-12-30 16:37:00,917,"S12000006",2,74,3,70,0,-1,-1,0,0,0,6,3,4,0,0,2,1,NA,7,2,2,0,1,3,0,0,2,0,0,9,1,-1
"2015984141415",6,9,0,18,0,0,1,0,0,0,2,1,6,1,26,6,1783,1,13,-1,1,-1,7,13,314050,579638,-3.348646,55.103676,98,3,13,7,"31/12/2015",5,1899-12-30 16:37:00,917,"S12000006",2,74,3,70,0,-1,-1,0,0,0,6,3,4,0,0,2,1,NA,NA,NA,NA,NA,NA,NA,NA,NA,NA,NA,NA,NA,NA,NA
"2015984141415",7,9,0,18,0,0,1,0,1,0,1,1,6,1,25,5,1968,2,-1,-1,1,-1,7,13,314050,579638,-3.348646,55.103676,98,3,13,7,"31/12/2015",5,1899-12-30 16:37:00,917,"S12000006",2,74,3,70,0,-1,-1,0,0,0,6,3,4,0,0,2,1,NA,4,1,1,25,5,3,0,0,0,0,0,9,1,2
"2015984141415",8,9,0,18,0,0,1,0,1,0,2,1,6,1,47,8,1997,2,1,-1,1,-1,7,13,314050,579638,-3.348646,55.103676,98,3,13,7,"31/12/2015",5,1899-12-30 16:37:00,917,"S12000006",2,74,3,70,0,-1,-1,0,0,0,6,3,4,0,0,2,1,NA,NA,NA,NA,NA,NA,NA,NA,NA,NA,NA,NA,NA,NA,NA
"2015984141415",9,9,0,18,0,0,1,0,0,0,1,1,6,1,57,9,1242,1,1,-1,1,-1,7,13,314050,579638,-3.348646,55.103676,98,3,13,7,"31/12/2015",5,1899-12-30 16:37:00,917,"S12000006",2,74,3,70,0,-1,-1,0,0,0,6,3,4,0,0,2,1,NA,NA,NA,NA,NA,NA,NA,NA,NA,NA,NA,NA,NA,NA,NA
"2015984141415",10,9,0,18,0,0,1,0,1,0,2,1,6,1,19,4,1422,2,-1,-1,2,-1,7,13,314050,579638,-3.348646,55.103676,98,3,13,7,"31/12/2015",5,1899-12-30 16:37:00,917,"S12000006",2,74,3,70,0,-1,-1,0,0,0,6,3,4,0,0,2,1,NA,3,1,1,19,4,3,0,0,0,0,0,9,2,5
"2015984141415",11,9,0,18,0,0,1,0,1,0,2,1,6,1,-1,-1,1596,1,5,-1,1,-1,7,13,314050,579638,-3.348646,55.103676,98,3,13,7,"31/12/2015",5,1899-12-30 16:37:00,917,"S12000006",2,74,3,70,0,-1,-1,0,0,0,6,3,4,0,0,2,1,NA,NA,NA,NA,NA,NA,NA,NA,NA,NA,NA,NA,NA,NA,NA
"2015984141415",12,9,0,18,0,0,1,0,0,0,2,1,6,1,29,6,1596,1,15,-1,3,-1,7,13,314050,579638,-3.348646,55.103676,98,3,13,7,"31/12/2015",5,1899-12-30 16:37:00,917,"S12000006",2,74,3,70,0,-1,-1,0,0,0,6,3,4,0,0,2,1,NA,2,1,1,29,6,3,0,0,0,0,0,9,3,-1
"2015984141415",13,9,0,18,0,0,0,0,5,7,1,1,6,2,17,4,1199,1,12,-1,1,-1,7,13,314050,579638,-3.348646,55.103676,98,3,13,7,"31/12/2015",5,1899-12-30 16:37:00,917,"S12000006",2,74,3,70,0,-1,-1,0,0,0,6,3,4,0,0,2,1,NA,1,1,2,17,4,3,0,0,0,0,0,9,1,4
